Adres lokalizacji;Poziom;Typ magazynu;Wysokość [cm];Max objętość [m³];Max waga [kg]
B0-01-100A;1;0050;150;1,44;1000
B0-01-100B;1;0011;120;1,15;300
B0-01-100C;1;0011;70;0,67;300
B0-01-100C-1;1;0011;70;0,34;150
B0-01-100D;1;0011;70;0,67;300
B0-01-100X;2;0010;170;1,63;900
B0-01-100Y;3;0010;170;1,63;900
B0-01-100Z;4;0010;170;1,63;900
B0-01-101A;1;0052;150;1,44;1000
B0-01-101X;2;0010;170;1,63;900
B0-01-101Y;3;0010;170;1,63;900
B0-01-101Z;4;0010;170;1,63;900
B0-01-102A;1;0052;150;1,44;1000
B0-01-102X;2;0010;170;1,63;900
B0-01-102Y;3;0010;170;1,63;900
B0-01-102Z;4;0010;170;1,63;900
B0-01-103A;1;0052;150;1,44;1000
B0-01-104A;1;0050;150;1,44;1000
B0-01-105A;1;0052;150;1,44;1000
B0-01-105C;1;0011;70;0,67;300
B0-01-106A;1;0052;150;1,44;1000
B0-01-110A;1;0052;150;1,44;1000
B0-01-110X;2;0010;170;1,63;900
B0-01-110Y;3;0010;170;1,63;900
B0-01-110Z;4;0010;170;1,63;900
B0-01-111A;1;0052;150;1,44;1000
B0-01-111X;2;0010;170;1,63;900
B0-01-111Y;3;0010;170;1,63;900
B0-01-111Z;4;0010;170;1,63;900
B0-01-112A;1;0052;150;1,44;1000
B0-01-112X;2;0010;170;1,63;900
B0-01-112Y;3;0010;170;1,63;900
B0-01-112Z;4;0010;170;1,63;900
B0-01-120A;1;0052;150;1,44;1000
B0-01-120X;2;0010;170;1,63;900
B0-01-120Y;3;0010;170;1,63;900
B0-01-120Z;4;0010;170;1,63;900
B0-01-121A;1;0052;150;1,44;1000
B0-01-121X;2;0010;170;1,63;900
B0-01-121Y;3;0010;170;1,63;900
B0-01-121Z;4;0010;170;1,63;900
B0-01-122A;1;0052;150;1,44;1000
B0-01-122X;2;0010;170;1,63;900
B0-01-122Y;3;0010;170;1,63;900
B0-01-122Z;4;0010;170;1,63;900
B0-01-130A;1;0052;150;1,44;1000
B0-01-130B;1;0011;120;1,15;300
B0-01-130X;2;0010;170;1,63;900
B0-01-130Y;3;0010;170;1,63;900
B0-01-130Z;4;0010;170;1,63;900
B0-01-131A;1;0052;150;1,44;1000
B0-01-131X;2;0010;170;1,63;900
B0-01-131Y;3;0010;170;1,63;900
B0-01-131Z;4;0010;170;1,63;900
B0-01-132A;1;0052;150;1,44;1000
B0-01-132X;2;0010;170;1,63;900
B0-01-132Y;3;0010;170;1,63;900
B0-01-132Z;4;0010;170;1,63;900
B0-01-140A;1;0052;150;1,44;1000
B0-01-140X;2;0010;170;1,63;900
B0-01-140Y;3;0010;170;1,63;900
B0-01-140Z;4;0010;170;1,63;900
B0-01-141A;1;0052;150;1,44;1000
B0-01-141X;2;0010;170;1,63;900
B0-01-141Y;3;0010;170;1,63;900
B0-01-141Z;4;0010;170;1,63;900
B0-01-142A;1;0052;150;1,44;1000
B0-01-142X;2;0010;170;1,63;900
B0-01-142Y;3;0010;170;1,63;900
B0-01-142Z;4;0010;170;1,63;900
B0-01-150A;1;0052;150;1,44;1000
B0-01-150X;2;0010;170;1,63;900
B0-01-150Y;3;0010;170;1,63;900
B0-01-150Z;4;0010;170;1,63;900
B0-01-151A;1;0052;150;1,44;1000
B0-01-151X;2;0010;170;1,63;900
B0-01-151Y;3;0010;170;1,63;900
B0-01-151Z;4;0010;170;1,63;900
B0-01-152A;1;0052;150;1,44;1000
B0-01-152X;2;0010;170;1,63;900
B0-01-152Y;3;0010;170;1,63;900
B0-01-152Z;4;0010;170;1,63;900
B0-01-160A;1;0052;150;1,44;1000
B0-01-160X;2;0010;170;1,63;900
B0-01-160Y;3;0010;170;1,63;900
B0-01-160Z;4;0010;170;1,63;900
B0-01-161A;1;0052;150;1,44;1000
B0-01-161X;2;0010;170;1,63;900
B0-01-161Y;3;0010;170;1,63;900
B0-01-161Z;4;0010;170;1,63;900
B0-01-162A;1;0052;150;1,44;1000
B0-01-162X;2;0010;170;1,63;900
B0-01-162Y;3;0010;170;1,63;900
B0-01-162Z;4;0010;170;1,63;900
B0-01-170A;1;0052;150;1,44;1000
B0-01-170X;2;0010;170;1,63;900
B0-01-170Y;3;0010;170;1,63;900
B0-01-170Z;4;0010;170;1,63;900
B0-01-171A;1;0052;150;1,44;1000
B0-01-171X;2;0010;170;1,63;900
B0-01-171Y;3;0010;170;1,63;900
B0-01-171Z;4;0010;170;1,63;900
B0-01-172A;1;0050;150;1,44;1000
B0-01-172X;2;0010;170;1,63;900
B0-01-172Y;3;0010;170;1,63;900
B0-01-172Z;4;0010;170;1,63;900
B0-01-180A;1;0052;150;1,44;1000
B0-01-180X;2;0010;170;1,63;900
B0-01-180Y;3;0010;170;1,63;900
B0-01-180Z;4;0010;170;1,63;900
B0-01-181A;1;0052;150;1,44;1000
B0-01-181X;2;0010;170;1,63;900
B0-01-181Y;3;0010;170;1,63;900
B0-01-181Z;4;0010;170;1,63;900
B0-01-182A;1;0052;150;1,44;1000
B0-01-182X;2;0010;170;1,63;900
B0-01-182Y;3;0010;170;1,63;900
B0-01-182Z;4;0010;170;1,63;900
B0-01-190A;1;0052;150;1,44;1000
B0-01-190X;2;0010;170;1,63;900
B0-01-190Y;3;0010;170;1,63;900
B0-01-190Z;4;0010;170;1,63;900
B0-01-191A;1;0052;150;1,44;1000
B0-01-191X;2;0010;170;1,63;900
B0-01-191Y;3;0010;170;1,63;900
B0-01-191Z;4;0010;170;1,63;900
B0-01-192A;1;0052;150;1,44;1000
B0-01-192X;2;0010;170;1,63;900
B0-01-192Y;3;0010;170;1,63;900
B0-01-192Z;4;0010;170;1,63;900
B0-01-200A;1;0052;150;1,44;1000
B0-01-200X;2;0010;170;1,63;900
B0-01-200Y;3;0010;170;1,63;900
B0-01-200Z;4;0010;170;1,63;900
B0-01-201A;1;0052;150;1,44;1000
B0-01-201X;2;0010;170;1,63;900
B0-01-201Y;3;0010;170;1,63;900
B0-01-201Z;4;0010;170;1,63;900
B0-01-202A;1;0052;150;1,44;1000
B0-01-202X;2;0010;170;1,63;900
B0-01-202Y;3;0010;170;1,63;900
B0-01-202Z;4;0010;170;1,63;900
B0-01-210A;1;0052;150;1,44;1000
B0-01-210X;2;0010;170;1,63;900
B0-01-210Y;3;0010;170;1,63;900
B0-01-210Z;4;0010;170;1,63;900
B0-01-211A;1;0052;150;1,44;1000
B0-01-211X;2;0010;170;1,63;900
B0-01-211Y;3;0010;170;1,63;900
B0-01-211Z;4;0010;170;1,63;900
B0-01-212A;1;0052;150;1,44;1000
B0-01-212X;2;0010;170;1,63;900
B0-01-212Y;3;0010;170;1,63;900
B0-01-212Z;4;0010;170;1,63;900
B0-01-220A;1;0052;150;1,44;1000
B0-01-220X;2;0010;170;1,63;900
B0-01-220Y;3;0010;170;1,63;900
B0-01-220Z;4;0010;170;1,63;900
B0-01-221A;1;0052;150;1,44;1000
B0-01-221X;2;0010;170;1,63;900
B0-01-221Y;3;0010;170;1,63;900
B0-01-221Z;4;0010;170;1,63;900
B0-01-222A;1;0052;150;1,44;1000
B0-01-222X;2;0010;170;1,63;900
B0-01-222Y;3;0010;170;1,63;900
B0-01-222Z;4;0010;170;1,63;900
B0-01-230A;1;0052;150;1,44;1000
B0-01-230X;2;0010;170;1,63;900
B0-01-230Y;3;0010;170;1,63;900
B0-01-230Z;4;0010;170;1,63;900
B0-01-231A;1;0050;150;1,44;1000
B0-01-231X;2;0010;170;1,63;900
B0-01-231Y;3;0010;170;1,63;900
B0-01-231Z;4;0010;170;1,63;900
B0-01-232A;1;0052;150;1,44;1000
B0-01-232X;2;0010;170;1,63;900
B0-01-232Y;3;0010;170;1,63;900
B0-01-232Z;4;0010;170;1,63;900
B0-01-240A;1;0052;150;1,44;1000
B0-01-240X;2;0010;170;1,63;900
B0-01-240Y;3;0010;170;1,63;900
B0-01-240Z;4;0010;170;1,63;900
B0-01-241A;1;0052;150;1,44;1000
B0-01-241X;2;0010;170;1,63;900
B0-01-241Y;3;0010;170;1,63;900
B0-01-241Z;4;0010;170;1,63;900
B0-01-242A;1;0052;150;1,44;1000
B0-01-242X;2;0010;170;1,63;900
B0-01-242Y;3;0010;170;1,63;900
B0-01-242Z;4;0010;170;1,63;900
B0-01-250A;1;0052;150;1,44;1000
B0-01-250X;2;0010;170;1,63;900
B0-01-250Y;3;0010;170;1,63;900
B0-01-250Z;4;0010;170;1,63;900
B0-01-251A;1;0052;150;1,44;1000
B0-01-251X;2;0010;170;1,63;900
B0-01-251Y;3;0010;170;1,63;900
B0-01-251Z;4;0010;170;1,63;900
B0-01-252A;1;0052;150;1,44;1000
B0-01-252X;2;0010;170;1,63;900
B0-01-252Y;3;0010;170;1,63;900
B0-01-252Z;4;0010;170;1,63;900
B0-01-260A;1;0052;150;1,44;1000
B0-01-260X;2;0010;170;1,63;900
B0-01-260Y;3;0010;170;1,63;900
B0-01-260Z;4;0010;170;1,63;900
B0-01-261A;1;0052;150;1,44;1000
B0-01-261X;2;0010;170;1,63;900
B0-01-261Y;3;0010;170;1,63;900
B0-01-261Z;4;0010;170;1,63;900
B0-01-262A;1;0052;150;1,44;1000
B0-01-262X;2;0010;170;1,63;900
B0-01-262Y;3;0010;170;1,63;900
B0-01-262Z;4;0010;170;1,63;900
B0-01-270A;1;0052;150;1,44;1000
B0-01-270X;2;0010;170;1,63;900
B0-01-270Y;3;0010;170;1,63;900
B0-01-270Z;4;0010;170;1,63;900
B0-01-271A;1;0052;150;1,44;1000
B0-01-271X;2;0010;170;1,63;900
B0-01-271Y;3;0010;170;1,63;900
B0-01-271Z;4;0010;170;1,63;900
B0-01-272A;1;0052;150;1,44;1000
B0-01-272X;2;0010;170;1,63;900
B0-01-272Y;3;0010;170;1,63;900
B0-01-272Z;4;0010;170;1,63;900
B0-01-280A;1;0052;150;1,44;1000
B0-01-280X;2;0010;170;1,63;900
B0-01-280Y;3;0010;170;1,63;900
B0-01-280Z;4;0010;170;1,63;900
B0-01-281A;1;0052;150;1,44;1000
B0-01-281X;2;0010;170;1,63;900
B0-01-281Y;3;0010;170;1,63;900
B0-01-281Z;4;0010;170;1,63;900
B0-01-282A;1;0052;150;1,44;1000
B0-01-282X;2;0010;170;1,63;900
B0-01-282Y;3;0010;170;1,63;900
B0-01-282Z;4;0010;170;1,63;900
B0-01-290A;1;0050;150;1,44;1000
B0-01-290X;2;0010;170;1,63;900
B0-01-290Y;3;0010;170;1,63;900
B0-01-290Z;4;0010;170;1,63;900
B0-01-291A;1;0052;150;1,44;1000
B0-01-291X;2;0010;170;1,63;900
B0-01-291Y;3;0010;170;1,63;900
B0-01-291Z;4;0010;170;1,63;900
B0-01-292A;1;0052;150;1,44;1000
B0-01-292X;2;0010;170;1,63;900
B0-01-292Y;3;0010;170;1,63;900
B0-01-292Z;4;0010;170;1,63;900
B0-01-300A;1;0052;150;1,44;1000
B0-01-300B;1;0011;120;1,15;300
B0-01-300C;1;0011;70;0,67;300
B0-01-300C-1;1;0011;70;0,34;150
B0-01-300C-2;1;0011;70;0,34;150
B0-01-300D;1;0011;70;0,67;300
B0-01-300D-2;1;0011;70;0,34;150
B0-01-300X;2;0010;170;1,63;900
B0-01-300G;2;0010;80;0,77;450
B0-01-300H;2;0010;80;0,77;450
B0-01-300Y;3;0010;170;1,63;900
B0-01-300Z;4;0010;170;1,63;900
B0-01-301A;1;0052;150;1,44;1000
B0-01-301C-1;1;0011;70;0,34;150
B0-01-301C-2;1;0011;70;0,34;150
B0-01-301X;2;0010;170;1,63;900
B0-01-301Y;3;0010;170;1,63;900
B0-01-301Z;4;0010;170;1,63;900
B0-01-302A;1;0052;150;1,44;1000
B0-01-302C-2;1;0011;70;0,34;150
B0-01-302X;2;0010;170;1,63;900
B0-01-302Y;3;0010;170;1,63;900
B0-01-302Z;4;0010;170;1,63;900
B0-01-310A;1;0052;150;1,44;1000
B0-01-310X;2;0010;170;1,63;900
B0-01-310Y;3;0010;170;1,63;900
B0-01-310Z;4;0010;170;1,63;900
B0-01-311A;1;0052;150;1,44;1000
B0-01-311X;2;0010;170;1,63;900
B0-01-311Y;3;0010;170;1,63;900
B0-01-311Z;4;0010;170;1,63;900
B0-01-312A;1;0052;150;1,44;1000
B0-01-312X;2;0010;170;1,63;900
B0-01-312Y;3;0010;170;1,63;900
B0-01-312Z;4;0010;170;1,63;900
B0-01-320A;1;0052;150;1,44;1000
B0-01-320X;2;0010;170;1,63;900
B0-01-320Y;3;0010;170;1,63;900
B0-01-320Z;4;0010;170;1,63;900
B0-01-321A;1;0050;150;1,44;1000
B0-01-321X;2;0010;170;1,63;900
B0-01-321Y;3;0010;170;1,63;900
B0-01-321Z;4;0010;170;1,63;900
B0-01-322A;1;0052;150;1,44;1000
B0-01-322X;2;0010;170;1,63;900
B0-01-322Y;3;0010;170;1,63;900
B0-01-322Z;4;0010;170;1,63;900
B0-01-330A;1;0052;150;1,44;1000
B0-01-330X;2;0010;170;1,63;900
B0-01-330Y;3;0010;170;1,63;900
B0-01-330Z;4;0010;170;1,63;900
B0-01-331A;1;0052;150;1,44;1000
B0-01-331X;2;0010;170;1,63;900
B0-01-331Y;3;0010;170;1,63;900
B0-01-331Z;4;0010;170;1,63;900
B0-01-332A;1;0052;150;1,44;1000
B0-01-332X;2;0010;170;1,63;900
B0-01-332Y;3;0010;170;1,63;900
B0-01-332Z;4;0010;170;1,63;900
B0-01-340A;1;0052;150;1,44;1000
B0-01-340X;2;0010;170;1,63;900
B0-01-340Y;3;0010;170;1,63;900
B0-01-340Z;4;0010;170;1,63;900
B0-01-341A;1;0052;150;1,44;1000
B0-01-341X;2;0010;170;1,63;900
B0-01-341Y;3;0010;170;1,63;900
B0-01-341Z;4;0010;170;1,63;900
B0-01-342A;1;0052;150;1,44;1000
B0-01-342X;2;0010;170;1,63;900
B0-01-342Y;3;0010;170;1,63;900
B0-01-342Z;4;0010;170;1,63;900
B0-01-350A;1;0052;150;1,44;1000
B0-01-350X;2;0010;170;1,63;900
B0-01-350Y;3;0010;170;1,63;900
B0-01-350Z;4;0010;170;1,63;900
B0-01-351A;1;0052;150;1,44;1000
B0-01-351X;2;0010;170;1,63;900
B0-01-351Y;3;0010;170;1,63;900
B0-01-351Z;4;0010;170;1,63;900
B0-01-352A;1;0052;150;1,44;1000
B0-01-352X;2;0010;170;1,63;900
B0-01-352Y;3;0010;170;1,63;900
B0-01-352Z;4;0010;170;1,63;900
B0-01-360A;1;0052;150;1,44;1000
B0-01-360X;2;0010;170;1,63;900
B0-01-360Y;3;0010;170;1,63;900
B0-01-360Z;4;0010;170;1,63;900
B0-01-361A;1;0052;150;1,44;1000
B0-01-361X;2;0010;170;1,63;900
B0-01-361Y;3;0010;170;1,63;900
B0-01-361Z;4;0010;170;1,63;900
B0-01-362A;1;0052;150;1,44;1000
B0-01-362X;2;0010;170;1,63;900
B0-01-362Y;3;0010;170;1,63;900
B0-01-362Z;4;0010;170;1,63;900
B0-01-370A;1;0052;150;1,44;1000
B0-01-370X;2;0010;170;1,63;900
B0-01-370Y;3;0010;170;1,63;900
B0-01-370Z;4;0010;170;1,63;900
B0-01-371A;1;0052;150;1,44;1000
B0-01-371X;2;0010;170;1,63;900
B0-01-371Y;3;0010;170;1,63;900
B0-01-371Z;4;0010;170;1,63;900
B0-01-372A;1;0052;150;1,44;1000
B0-01-372X;2;0010;170;1,63;900
B0-01-372Y;3;0010;170;1,63;900
B0-01-372Z;4;0010;170;1,63;900
B0-01-380A;1;0050;150;1,44;1000
B0-01-380X;2;0010;170;1,63;900
B0-01-380Y;3;0010;170;1,63;900
B0-01-380Z;4;0010;170;1,63;900
B0-01-381A;1;0052;150;1,44;1000
B0-01-381X;2;0010;170;1,63;900
B0-01-381Y;3;0010;170;1,63;900
B0-01-381Z;4;0010;170;1,63;900
B0-01-382A;1;0052;150;1,44;1000
B0-01-382X;2;0010;170;1,63;900
B0-01-382Y;3;0010;170;1,63;900
B0-01-382Z;4;0010;170;1,63;900
B0-01-390A;1;0052;150;1,44;1000
B0-01-390X;2;0010;170;1,63;900
B0-01-390Y;3;0010;170;1,63;900
B0-01-390Z;4;0010;170;1,63;900
B0-01-391A;1;0052;150;1,44;1000
B0-01-391X;2;0010;170;1,63;900
B0-01-391Y;3;0010;170;1,63;900
B0-01-391Z;4;0010;170;1,63;900
B0-01-392A;1;0052;150;1,44;1000
B0-01-392X;2;0010;170;1,63;900
B0-01-392Y;3;0010;170;1,63;900
B0-01-392Z;4;0010;170;1,63;900
B0-01-400A;1;0052;150;1,44;1000
B0-01-400X;2;0010;170;1,63;900
B0-01-400Y;3;0010;170;1,63;900
B0-01-400Z;4;0010;170;1,63;900
B0-01-401A;1;0052;150;1,44;1000
B0-01-401X;2;0010;170;1,63;900
B0-01-401Y;3;0010;170;1,63;900
B0-01-401Z;4;0010;170;1,63;900
B0-01-402A;1;0052;150;1,44;1000
B0-01-402X;2;0010;170;1,63;900
B0-01-402Y;3;0010;170;1,63;900
B0-01-402Z;4;0010;170;1,63;900
B0-02-100A;1;0052;150;1,44;1000
B0-02-100B;1;0011;120;1,15;300
B0-02-100C;1;0011;70;0,67;300
B0-02-100D;1;0011;70;0,67;300
B0-02-100X;2;0010;170;1,63;900
B0-02-100Y;3;0010;170;1,63;900
B0-02-100Z;4;0010;170;1,63;900
B0-02-101B;1;0011;120;1,15;300
B0-02-101C;1;0011;70;0,67;300
B0-02-101D;1;0011;70;0,67;300
B0-02-101X;2;0010;170;1,63;900
B0-02-101Y;3;0010;170;1,63;900
B0-02-101Z;4;0010;170;1,63;900
B0-02-102B;1;0011;120;1,15;300
B0-02-102C;1;0011;70;0,67;300
B0-02-102D;1;0011;70;0,67;300
B0-02-102X;2;0010;170;1,63;900
B0-02-102Y;3;0010;170;1,63;900
B0-02-102Z;4;0010;170;1,63;900
B0-02-110A;1;0052;150;1,44;1000
B0-02-110B;1;0011;120;1,15;300
B0-02-110C;1;0011;70;0,67;300
B0-02-110D;1;0011;70;0,67;300
B0-02-110X;2;0010;170;1,63;900
B0-02-110Y;3;0010;170;1,63;900
B0-02-110Z;4;0010;170;1,63;900
B0-02-111B;1;0011;120;1,15;300
B0-02-111C;1;0011;70;0,67;300
B0-02-111D;1;0011;70;0,67;300
B0-02-111X;2;0010;170;1,63;900
B0-02-111Y;3;0010;170;1,63;900
B0-02-111Z;4;0010;170;1,63;900
B0-02-112B;1;0011;120;1,15;300
B0-02-112C;1;0011;70;0,67;300
B0-02-112D;1;0011;70;0,67;300
B0-02-112X;2;0010;170;1,63;900
B0-02-112Y;3;0010;170;1,63;900
B0-02-112Z;4;0010;170;1,63;900
B0-02-120B;1;0011;120;1,15;300
B0-02-120C;1;0011;70;0,67;300
B0-02-120D;1;0011;70;0,67;300
B0-02-120X;2;0010;170;1,63;900
B0-02-120Y;3;0010;170;1,63;900
B0-02-120Z;4;0010;170;1,63;900
B0-02-121B;1;0011;120;1,15;300
B0-02-121C;1;0011;70;0,67;300
B0-02-121D;1;0011;70;0,67;300
B0-02-121X;2;0010;170;1,63;900
B0-02-121Y;3;0010;170;1,63;900
B0-02-121Z;4;0010;170;1,63;900
B0-02-122B;1;0011;120;1,15;300
B0-02-122C;1;0011;70;0,67;300
B0-02-122D;1;0011;70;0,67;300
B0-02-122X;2;0010;170;1,63;900
B0-02-122Y;3;0010;170;1,63;900
B0-02-122Z;4;0010;170;1,63;900
B0-02-130B;1;0011;120;1,15;300
B0-02-130C;1;0011;70;0,67;300
B0-02-130D;1;0011;70;0,67;300
B0-02-130X;2;0010;170;1,63;900
B0-02-130Y;3;0010;170;1,63;900
B0-02-130Z;4;0010;170;1,63;900
B0-02-131B;1;0011;120;1,15;300
B0-02-131C;1;0011;70;0,67;300
B0-02-131D;1;0011;70;0,67;300
B0-02-131X;2;0010;170;1,63;900
B0-02-131Y;3;0010;170;1,63;900
B0-02-131Z;4;0010;170;1,63;900
B0-02-132B;1;0011;120;1,15;300
B0-02-132C;1;0011;70;0,67;300
B0-02-132D;1;0011;70;0,67;300
B0-02-132X;2;0010;170;1,63;900
B0-02-132Y;3;0010;170;1,63;900
B0-02-132Z;4;0010;170;1,63;900
B0-02-140B;1;0011;120;1,15;300
B0-02-140C;1;0011;70;0,67;300
B0-02-140D;1;0011;70;0,67;300
B0-02-140X;2;0010;170;1,63;900
B0-02-140Y;3;0010;170;1,63;900
B0-02-140Z;4;0010;170;1,63;900
B0-02-141B;1;0011;120;1,15;300
B0-02-141C;1;0011;70;0,67;300
B0-02-141D;1;0011;70;0,67;300
B0-02-141X;2;0010;170;1,63;900
B0-02-141Y;3;0010;170;1,63;900
B0-02-141Z;4;0010;170;1,63;900
B0-02-142B;1;0011;120;1,15;300
B0-02-142C;1;0011;70;0,67;300
B0-02-142D;1;0011;70;0,67;300
B0-02-142X;2;0010;170;1,63;900
B0-02-142Y;3;0010;170;1,63;900
B0-02-142Z;4;0010;170;1,63;900
B0-02-150B;1;0011;120;1,15;300
B0-02-150C;1;0011;70;0,67;300
B0-02-150D;1;0011;70;0,67;300
B0-02-150X;2;0010;170;1,63;900
B0-02-150Y;3;0010;170;1,63;900
B0-02-150Z;4;0010;170;1,63;900
B0-02-151B;1;0011;120;1,15;300
B0-02-151C;1;0011;70;0,67;300
B0-02-151D;1;0011;70;0,67;300
B0-02-151X;2;0010;170;1,63;900
B0-02-151Y;3;0010;170;1,63;900
B0-02-151Z;4;0010;170;1,63;900
B0-02-152B;1;0011;120;1,15;300
B0-02-152C;1;0011;70;0,67;300
B0-02-152D;1;0011;70;0,67;300
B0-02-152X;2;0010;170;1,63;900
B0-02-152Y;3;0010;170;1,63;900
B0-02-152Z;4;0010;170;1,63;900
B0-02-160B;1;0011;120;1,15;300
B0-02-160C;1;0011;70;0,67;300
B0-02-160D;1;0011;70;0,67;300
B0-02-160X;2;0010;170;1,63;900
B0-02-160Y;3;0010;170;1,63;900
B0-02-160Z;4;0010;170;1,63;900
B0-02-161B;1;0011;120;1,15;300
B0-02-161C;1;0011;70;0,67;300
B0-02-161D;1;0011;70;0,67;300
B0-02-161X;2;0010;170;1,63;900
B0-02-161Y;3;0010;170;1,63;900
B0-02-161Z;4;0010;170;1,63;900
B0-02-162B;1;0011;120;1,15;300
B0-02-162C;1;0011;70;0,67;300
B0-02-162D;1;0011;70;0,67;300
B0-02-162X;2;0010;170;1,63;900
B0-02-162Y;3;0010;170;1,63;900
B0-02-162Z;4;0010;170;1,63;900
B0-02-170B;1;0011;120;1,15;300
B0-02-170C;1;0011;70;0,67;300
B0-02-170D;1;0011;70;0,67;300
B0-02-170X;2;0010;170;1,63;900
B0-02-170Y;3;0010;170;1,63;900
B0-02-170Z;4;0010;170;1,63;900
B0-02-171B;1;0011;120;1,15;300
B0-02-171C;1;0011;70;0,67;300
B0-02-171D;1;0011;70;0,67;300
B0-02-171X;2;0010;170;1,63;900
B0-02-171Y;3;0010;170;1,63;900
B0-02-171Z;4;0010;170;1,63;900
B0-02-172B;1;0011;120;1,15;300
B0-02-172C;1;0011;70;0,67;300
B0-02-172D;1;0011;70;0,67;300
B0-02-172X;2;0010;170;1,63;900
B0-02-172Y;3;0010;170;1,63;900
B0-02-172Z;4;0010;170;1,63;900
B0-02-180B;1;0011;120;1,15;300
B0-02-180C;1;0011;70;0,67;300
B0-02-180D;1;0011;70;0,67;300
B0-02-180X;2;0010;170;1,63;900
B0-02-180Y;3;0010;170;1,63;900
B0-02-180Z;4;0010;170;1,63;900
B0-02-181B;1;0011;120;1,15;300
B0-02-181C;1;0011;70;0,67;300
B0-02-181D;1;0011;70;0,67;300
B0-02-181X;2;0010;170;1,63;900
B0-02-181Y;3;0010;170;1,63;900
B0-02-181Z;4;0010;170;1,63;900
B0-02-182B;1;0011;120;1,15;300
B0-02-182C;1;0011;70;0,67;300
B0-02-182D;1;0011;70;0,67;300
B0-02-182X;2;0010;170;1,63;900
B0-02-182Y;3;0010;170;1,63;900
B0-02-182Z;4;0010;170;1,63;900
B0-02-190B;1;0011;120;1,15;300
B0-02-190C;1;0011;70;0,67;300
B0-02-190D;1;0011;70;0,67;300
B0-02-190X;2;0010;170;1,63;900
B0-02-190Y;3;0010;170;1,63;900
B0-02-190Z;4;0010;170;1,63;900
B0-02-191B;1;0011;120;1,15;300
B0-02-191C;1;0011;70;0,67;300
B0-02-191D;1;0011;70;0,67;300
B0-02-191X;2;0010;170;1,63;900
B0-02-191Y;3;0010;170;1,63;900
B0-02-191Z;4;0010;170;1,63;900
B0-02-192B;1;0011;120;1,15;300
B0-02-192C;1;0011;70;0,67;300
B0-02-192D;1;0011;70;0,67;300
B0-02-192X;2;0010;170;1,63;900
B0-02-192Y;3;0010;170;1,63;900
B0-02-192Z;4;0010;170;1,63;900
B0-02-200B;1;0011;120;1,15;300
B0-02-200C;1;0011;70;0,67;300
B0-02-200D;1;0011;70;0,67;300
B0-02-200X;2;0010;170;1,63;900
B0-02-200Y;3;0010;170;1,63;900
B0-02-200Z;4;0010;170;1,63;900
B0-02-201B;1;0011;120;1,15;300
B0-02-201C;1;0011;70;0,67;300
B0-02-201D;1;0011;70;0,67;300
B0-02-201X;2;0010;170;1,63;900
B0-02-201Y;3;0010;170;1,63;900
B0-02-201Z;4;0010;170;1,63;900
B0-02-202B;1;0011;120;1,15;300
B0-02-202C;1;0011;70;0,67;300
B0-02-202D;1;0011;70;0,67;300
B0-02-202X;2;0010;170;1,63;900
B0-02-202Y;3;0010;170;1,63;900
B0-02-202Z;4;0010;170;1,63;900
B0-02-210B;1;0011;120;1,15;300
B0-02-210C;1;0011;70;0,67;300
B0-02-210D;1;0011;70;0,67;300
B0-02-210X;2;0010;170;1,63;900
B0-02-210Y;3;0010;170;1,63;900
B0-02-210Z;4;0010;170;1,63;900
B0-02-211B;1;0011;120;1,15;300
B0-02-211C;1;0011;70;0,67;300
B0-02-211D;1;0011;70;0,67;300
B0-02-211X;2;0010;170;1,63;900
B0-02-211Y;3;0010;170;1,63;900
B0-02-211Z;4;0010;170;1,63;900
B0-02-212B;1;0011;120;1,15;300
B0-02-212C;1;0011;70;0,67;300
B0-02-212D;1;0011;70;0,67;300
B0-02-212X;2;0010;170;1,63;900
B0-02-212Y;3;0010;170;1,63;900
B0-02-212Z;4;0010;170;1,63;900
B0-02-220B;1;0011;120;1,15;300
B0-02-220C;1;0011;70;0,67;300
B0-02-220D;1;0011;70;0,67;300
B0-02-220X;2;0010;170;1,63;900
B0-02-220Y;3;0010;170;1,63;900
B0-02-220Z;4;0010;170;1,63;900
B0-02-221B;1;0011;120;1,15;300
B0-02-221C;1;0011;70;0,67;300
B0-02-221D;1;0011;70;0,67;300
B0-02-221X;2;0010;170;1,63;900
B0-02-221Y;3;0010;170;1,63;900
B0-02-221Z;4;0010;170;1,63;900
B0-02-222B;1;0011;120;1,15;300
B0-02-222C;1;0011;70;0,67;300
B0-02-222D;1;0011;70;0,67;300
B0-02-222X;2;0010;170;1,63;900
B0-02-222Y;3;0010;170;1,63;900
B0-02-222Z;4;0010;170;1,63;900
B0-02-230B;1;0011;120;1,15;300
B0-02-230C;1;0011;70;0,67;300
B0-02-230D;1;0011;70;0,67;300
B0-02-230X;2;0010;170;1,63;900
B0-02-230Y;3;0010;170;1,63;900
B0-02-230Z;4;0010;170;1,63;900
B0-02-231B;1;0011;120;1,15;300
B0-02-231C;1;0011;70;0,67;300
B0-02-231D;1;0011;70;0,67;300
B0-02-231X;2;0010;170;1,63;900
B0-02-231Y;3;0010;170;1,63;900
B0-02-231Z;4;0010;170;1,63;900
B0-02-232B;1;0011;120;1,15;300
B0-02-232C;1;0011;70;0,67;300
B0-02-232D;1;0011;70;0,67;300
B0-02-232X;2;0010;170;1,63;900
B0-02-232Y;3;0010;170;1,63;900
B0-02-232Z;4;0010;170;1,63;900
B0-02-240B;1;0011;120;1,15;300
B0-02-240C;1;0011;70;0,67;300
B0-02-240D;1;0011;70;0,67;300
B0-02-240X;2;0010;170;1,63;900
B0-02-240Y;3;0010;170;1,63;900
B0-02-240Z;4;0010;170;1,63;900
B0-02-241B;1;0011;120;1,15;300
B0-02-241C;1;0011;70;0,67;300
B0-02-241D;1;0011;70;0,67;300
B0-02-241X;2;0010;170;1,63;900
B0-02-241Y;3;0010;170;1,63;900
B0-02-241Z;4;0010;170;1,63;900
B0-02-242B;1;0011;120;1,15;300
B0-02-242C;1;0011;70;0,67;300
B0-02-242D;1;0011;70;0,67;300
B0-02-242X;2;0010;170;1,63;900
B0-02-242Y;3;0010;170;1,63;900
B0-02-242Z;4;0010;170;1,63;900
B0-02-250B;1;0011;120;1,15;300
B0-02-250C;1;0011;70;0,67;300
B0-02-250D;1;0011;70;0,67;300
B0-02-250X;2;0010;170;1,63;900
B0-02-250Y;3;0010;170;1,63;900
B0-02-250Z;4;0010;170;1,63;900
B0-02-251B;1;0011;120;1,15;300
B0-02-251C;1;0011;70;0,67;300
B0-02-251D;1;0011;70;0,67;300
B0-02-251X;2;0010;170;1,63;900
B0-02-251Y;3;0010;170;1,63;900
B0-02-251Z;4;0010;170;1,63;900
B0-02-252B;1;0011;120;1,15;300
B0-02-252C;1;0011;70;0,67;300
B0-02-252D;1;0011;70;0,67;300
B0-02-252X;2;0010;170;1,63;900
B0-02-252Y;3;0010;170;1,63;900
B0-02-252Z;4;0010;170;1,63;900
B0-02-260B;1;0011;120;1,15;300
B0-02-260C;1;0011;70;0,67;300
B0-02-260D;1;0011;70;0,67;300
B0-02-260X;2;0010;170;1,63;900
B0-02-260Y;3;0010;170;1,63;900
B0-02-260Z;4;0010;170;1,63;900
B0-02-261B;1;0011;120;1,15;300
B0-02-261C;1;0011;70;0,67;300
B0-02-261D;1;0011;70;0,67;300
B0-02-261X;2;0010;170;1,63;900
B0-02-261Y;3;0010;170;1,63;900
B0-02-261Z;4;0010;170;1,63;900
B0-02-262B;1;0011;120;1,15;300
B0-02-262C;1;0011;70;0,67;300
B0-02-262D;1;0011;70;0,67;300
B0-02-262X;2;0010;170;1,63;900
B0-02-262Y;3;0010;170;1,63;900
B0-02-262Z;4;0010;170;1,63;900
B0-02-270B;1;0011;120;1,15;300
B0-02-270C;1;0011;70;0,67;300
B0-02-270D;1;0011;70;0,67;300
B0-02-270X;2;0010;170;1,63;900
B0-02-270Y;3;0010;170;1,63;900
B0-02-270Z;4;0010;170;1,63;900
B0-02-271B;1;0011;120;1,15;300
B0-02-271C;1;0011;70;0,67;300
B0-02-271D;1;0011;70;0,67;300
B0-02-271X;2;0010;170;1,63;900
B0-02-271Y;3;0010;170;1,63;900
B0-02-271Z;4;0010;170;1,63;900
B0-02-272B;1;0011;120;1,15;300
B0-02-272C;1;0011;70;0,67;300
B0-02-272D;1;0011;70;0,67;300
B0-02-272X;2;0010;170;1,63;900
B0-02-272Y;3;0010;170;1,63;900
B0-02-272Z;4;0010;170;1,63;900
B0-02-280B;1;0011;120;1,15;300
B0-02-280C;1;0011;70;0,67;300
B0-02-280D;1;0011;70;0,67;300
B0-02-280X;2;0010;170;1,63;900
B0-02-280Y;3;0010;170;1,63;900
B0-02-280Z;4;0010;170;1,63;900
B0-02-281B;1;0011;120;1,15;300
B0-02-281C;1;0011;70;0,67;300
B0-02-281D;1;0011;70;0,67;300
B0-02-281X;2;0010;170;1,63;900
B0-02-281Y;3;0010;170;1,63;900
B0-02-281Z;4;0010;170;1,63;900
B0-02-282B;1;0011;120;1,15;300
B0-02-282C;1;0011;70;0,67;300
B0-02-282D;1;0011;70;0,67;300
B0-02-282X;2;0010;170;1,63;900
B0-02-282Y;3;0010;170;1,63;900
B0-02-282Z;4;0010;170;1,63;900
B0-02-290B;1;0011;120;1,15;300
B0-02-290C;1;0011;70;0,67;300
B0-02-290D;1;0011;70;0,67;300
B0-02-290X;2;0010;170;1,63;900
B0-02-290Y;3;0010;170;1,63;900
B0-02-290Z;4;0010;170;1,63;900
B0-02-291B;1;0011;120;1,15;300
B0-02-291C;1;0011;70;0,67;300
B0-02-291D;1;0011;70;0,67;300
B0-02-291X;2;0010;170;1,63;900
B0-02-291Y;3;0010;170;1,63;900
B0-02-291Z;4;0010;170;1,63;900
B0-02-292B;1;0011;120;1,15;300
B0-02-292C;1;0011;70;0,67;300
B0-02-292D;1;0011;70;0,67;300
B0-02-292X;2;0010;170;1,63;900
B0-02-292Y;3;0010;170;1,63;900
B0-02-292Z;4;0010;170;1,63;900
B0-02-300A;1;0052;150;1,44;1000
B0-02-300B;1;0011;120;1,15;300
B0-02-300C;1;0011;70;0,67;300
B0-02-300D;1;0011;70;0,67;300
B0-02-300X;2;0010;170;1,63;900
B0-02-300Y;3;0010;170;1,63;900
B0-02-300Z;4;0010;170;1,63;900
B0-02-301B;1;0011;120;1,15;300
B0-02-301C;1;0011;70;0,67;300
B0-02-301D;1;0011;70;0,67;300
B0-02-301X;2;0010;170;1,63;900
B0-02-301Y;3;0010;170;1,63;900
B0-02-301Z;4;0010;170;1,63;900
B0-02-302A;1;0052;150;1,44;1000
B0-02-302B;1;0011;120;1,15;300
B0-02-302C;1;0011;70;0,67;300
B0-02-302C-1;1;0011;70;0,34;150
B0-02-302D;1;0011;70;0,67;300
B0-02-302X;2;0010;170;1,63;900
B0-02-302Y;3;0010;170;1,63;900
B0-02-302Z;4;0010;170;1,63;900
B0-02-310B;1;0011;120;1,15;300
B0-02-310C;1;0011;70;0,67;300
B0-02-310D;1;0011;70;0,67;300
B0-02-310X;2;0010;170;1,63;900
B0-02-310Y;3;0010;170;1,63;900
B0-02-310Z;4;0010;170;1,63;900
B0-02-311B;1;0011;120;1,15;300
B0-02-311C;1;0011;70;0,67;300
B0-02-311D;1;0011;70;0,67;300
B0-02-311X;2;0010;170;1,63;900
B0-02-311Y;3;0010;170;1,63;900
B0-02-311Z;4;0010;170;1,63;900
B0-02-312B;1;0011;120;1,15;300
B0-02-312C;1;0011;70;0,67;300
B0-02-312D;1;0011;70;0,67;300
B0-02-312X;2;0010;170;1,63;900
B0-02-312Y;3;0010;170;1,63;900
B0-02-312Z;4;0010;170;1,63;900
B0-02-320B;1;0011;120;1,15;300
B0-02-320C;1;0011;70;0,67;300
B0-02-320D;1;0011;70;0,67;300
B0-02-320X;2;0010;170;1,63;900
B0-02-320Y;3;0010;170;1,63;900
B0-02-320Z;4;0010;170;1,63;900
B0-02-321B;1;0011;120;1,15;300
B0-02-321C;1;0011;70;0,67;300
B0-02-321D;1;0011;70;0,67;300
B0-02-321X;2;0010;170;1,63;900
B0-02-321Y;3;0010;170;1,63;900
B0-02-321Z;4;0010;170;1,63;900
B0-02-322B;1;0011;120;1,15;300
B0-02-322C;1;0011;70;0,67;300
B0-02-322D;1;0011;70;0,67;300
B0-02-322X;2;0010;170;1,63;900
B0-02-322Y;3;0010;170;1,63;900
B0-02-322Z;4;0010;170;1,63;900
B0-02-330B;1;0011;120;1,15;300
B0-02-330C;1;0011;70;0,67;300
B0-02-330D;1;0011;70;0,67;300
B0-02-330X;2;0010;170;1,63;900
B0-02-330Y;3;0010;170;1,63;900
B0-02-330Z;4;0010;170;1,63;900
B0-02-331B;1;0011;120;1,15;300
B0-02-331C;1;0011;70;0,67;300
B0-02-331D;1;0011;70;0,67;300
B0-02-331X;2;0010;170;1,63;900
B0-02-331Y;3;0010;170;1,63;900
B0-02-331Z;4;0010;170;1,63;900
B0-02-332B;1;0011;120;1,15;300
B0-02-332C;1;0011;70;0,67;300
B0-02-332D;1;0011;70;0,67;300
B0-02-332X;2;0010;170;1,63;900
B0-02-332Y;3;0010;170;1,63;900
B0-02-332Z;4;0010;170;1,63;900
B0-02-340B;1;0011;120;1,15;300
B0-02-340C;1;0011;70;0,67;300
B0-02-340D;1;0011;70;0,67;300
B0-02-340X;2;0010;170;1,63;900
B0-02-340Y;3;0010;170;1,63;900
B0-02-340Z;4;0010;170;1,63;900
B0-02-341B;1;0011;120;1,15;300
B0-02-341C;1;0011;70;0,67;300
B0-02-341D;1;0011;70;0,67;300
B0-02-341X;2;0010;170;1,63;900
B0-02-341Y;3;0010;170;1,63;900
B0-02-341Z;4;0010;170;1,63;900
B0-02-342B;1;0011;120;1,15;300
B0-02-342C;1;0011;70;0,67;300
B0-02-342D;1;0011;70;0,67;300
B0-02-342X;2;0010;170;1,63;900
B0-02-342Y;3;0010;170;1,63;900
B0-02-342Z;4;0010;170;1,63;900
B0-02-350B;1;0011;120;1,15;300
B0-02-350C;1;0011;70;0,67;300
B0-02-350D;1;0011;70;0,67;300
B0-02-350X;2;0010;170;1,63;900
B0-02-350Y;3;0010;170;1,63;900
B0-02-350Z;4;0010;170;1,63;900
B0-02-351B;1;0011;120;1,15;300
B0-02-351C;1;0011;70;0,67;300
B0-02-351D;1;0011;70;0,67;300
B0-02-351X;2;0010;170;1,63;900
B0-02-351Y;3;0010;170;1,63;900
B0-02-351Z;4;0010;170;1,63;900
B0-02-352B;1;0011;120;1,15;300
B0-02-352C;1;0011;70;0,67;300
B0-02-352D;1;0011;70;0,67;300
B0-02-352X;2;0010;170;1,63;900
B0-02-352Y;3;0010;170;1,63;900
B0-02-352Z;4;0010;170;1,63;900
B0-02-360B;1;0011;120;1,15;300
B0-02-360C;1;0011;70;0,67;300
B0-02-360D;1;0011;70;0,67;300
B0-02-360X;2;0010;170;1,63;900
B0-02-360Y;3;0010;170;1,63;900
B0-02-360Z;4;0010;170;1,63;900
B0-02-361B;1;0011;120;1,15;300
B0-02-361C;1;0011;70;0,67;300
B0-02-361D;1;0011;70;0,67;300
B0-02-361X;2;0010;170;1,63;900
B0-02-361Y;3;0010;170;1,63;900
B0-02-361Z;4;0010;170;1,63;900
B0-02-362B;1;0011;120;1,15;300
B0-02-362C;1;0011;70;0,67;300
B0-02-362D;1;0011;70;0,67;300
B0-02-362X;2;0010;170;1,63;900
B0-02-362Y;3;0010;170;1,63;900
B0-02-362Z;4;0010;170;1,63;900
B0-02-370B;1;0011;120;1,15;300
B0-02-370C;1;0011;70;0,67;300
B0-02-370D;1;0011;70;0,67;300
B0-02-370X;2;0010;170;1,63;900
B0-02-370Y;3;0010;170;1,63;900
B0-02-370Z;4;0010;170;1,63;900
B0-02-371B;1;0011;120;1,15;300
B0-02-371C;1;0011;70;0,67;300
B0-02-371D;1;0011;70;0,67;300
B0-02-371X;2;0010;170;1,63;900
B0-02-371Y;3;0010;170;1,63;900
B0-02-371Z;4;0010;170;1,63;900
B0-02-372B;1;0011;120;1,15;300
B0-02-372C;1;0011;70;0,67;300
B0-02-372D;1;0011;70;0,67;300
B0-02-372X;2;0010;170;1,63;900
B0-02-372Y;3;0010;170;1,63;900
B0-02-372Z;4;0010;170;1,63;900
B0-02-380B;1;0011;120;1,15;300
B0-02-380C;1;0011;70;0,67;300
B0-02-380D;1;0011;70;0,67;300
B0-02-380X;2;0010;170;1,63;900
B0-02-380Y;3;0010;170;1,63;900
B0-02-380Z;4;0010;170;1,63;900
B0-02-381B;1;0011;120;1,15;300
B0-02-381C;1;0011;70;0,67;300
B0-02-381D;1;0011;70;0,67;300
B0-02-381X;2;0010;170;1,63;900
B0-02-381Y;3;0010;170;1,63;900
B0-02-381Z;4;0010;170;1,63;900
B0-02-382B;1;0011;120;1,15;300
B0-02-382C;1;0011;70;0,67;300
B0-02-382D;1;0011;70;0,67;300
B0-02-382X;2;0010;170;1,63;900
B0-02-382Y;3;0010;170;1,63;900
B0-02-382Z;4;0010;170;1,63;900
B0-02-390B;1;0011;120;1,15;300
B0-02-390C;1;0011;70;0,67;300
B0-02-390D;1;0011;70;0,67;300
B0-02-390X;2;0010;170;1,63;900
B0-02-390Y;3;0010;170;1,63;900
B0-02-390Z;4;0010;170;1,63;900
B0-02-391B;1;0011;120;1,15;300
B0-02-391C;1;0011;70;0,67;300
B0-02-391D;1;0011;70;0,67;300
B0-02-391X;2;0010;170;1,63;900
B0-02-391Y;3;0010;170;1,63;900
B0-02-391Z;4;0010;170;1,63;900
B0-02-392B;1;0011;120;1,15;300
B0-02-392C;1;0011;70;0,67;300
B0-02-392D;1;0011;70;0,67;300
B0-02-392X;2;0010;170;1,63;900
B0-02-392Y;3;0010;170;1,63;900
B0-02-392Z;4;0010;170;1,63;900
B0-02-400B;1;0011;120;1,15;300
B0-02-400C;1;0011;70;0,67;300
B0-02-400D;1;0011;70;0,67;300
B0-02-400X;2;0010;170;1,63;900
B0-02-400Y;3;0010;170;1,63;900
B0-02-400Z;4;0010;170;1,63;900
B0-02-401B;1;0011;120;1,15;300
B0-02-401C;1;0011;70;0,67;300
B0-02-401D;1;0011;70;0,67;300
B0-02-401X;2;0010;170;1,63;900
B0-02-401Y;3;0010;170;1,63;900
B0-02-401Z;4;0010;170;1,63;900
B0-02-402B;1;0011;120;1,15;300
B0-02-402C;1;0011;70;0,67;300
B0-02-402D;1;0011;70;0,67;300
B0-02-402X;2;0010;170;1,63;900
B0-02-402Y;3;0010;170;1,63;900
B0-02-402Z;4;0010;170;1,63;900
B0-02-410B;1;0011;120;1,15;300
B0-02-410C;1;0011;70;0,67;300
B0-02-410D;1;0011;70;0,67;300
B0-02-410X;2;0010;170;1,63;900
B0-02-410Y;3;0010;170;1,63;900
B0-02-410Z;4;0010;170;1,63;900
B0-02-411B;1;0011;120;1,15;300
B0-02-411C;1;0011;70;0,67;300
B0-02-411D;1;0011;70;0,67;300
B0-02-411X;2;0010;170;1,63;900
B0-02-411Y;3;0010;170;1,63;900
B0-02-411Z;4;0010;170;1,63;900
B0-02-412B;1;0011;120;1,15;300
B0-02-412C;1;0011;70;0,67;300
B0-02-412D;1;0011;70;0,67;300
B0-02-412X;2;0010;170;1,63;900
B0-02-412Y;3;0010;170;1,63;900
B0-02-412Z;4;0010;170;1,63;900
B0-02-420B;1;0011;120;1,15;300
B0-02-420C;1;0011;70;0,67;300
B0-02-420D;1;0011;70;0,67;300
B0-02-420X;2;0010;170;1,63;900
B0-02-420Y;3;0010;170;1,63;900
B0-02-420Z;4;0010;170;1,63;900
B0-02-421B;1;0011;120;1,15;300
B0-02-421C;1;0011;70;0,67;300
B0-02-421D;1;0011;70;0,67;300
B0-02-421X;2;0010;170;1,63;900
B0-02-421Y;3;0010;170;1,63;900
B0-02-421Z;4;0010;170;1,63;900
B0-02-422B;1;0011;120;1,15;300
B0-02-422C;1;0011;70;0,67;300
B0-02-422D;1;0011;70;0,67;300
B0-02-422X;2;0010;170;1,63;900
B0-02-422Y;3;0010;170;1,63;900
B0-02-422Z;4;0010;170;1,63;900
B0-02-430B;1;0011;120;1,15;300
B0-02-430C;1;0011;70;0,67;300
B0-02-430D;1;0011;70;0,67;300
B0-02-430X;2;0010;170;1,63;900
B0-02-430Y;3;0010;170;1,63;900
B0-02-430Z;4;0010;170;1,63;900
B0-02-431B;1;0011;120;1,15;300
B0-02-431C;1;0011;70;0,67;300
B0-02-431D;1;0011;70;0,67;300
B0-02-431X;2;0010;170;1,63;900
B0-02-431Y;3;0010;170;1,63;900
B0-02-431Z;4;0010;170;1,63;900
B0-02-432B;1;0011;120;1,15;300
B0-02-432C;1;0011;70;0,67;300
B0-02-432D;1;0011;70;0,67;300
B0-02-432X;2;0010;170;1,63;900
B0-02-432Y;3;0010;170;1,63;900
B0-02-432Z;4;0010;170;1,63;900
B0-02-440B;1;0011;120;1,15;300
B0-02-440C;1;0011;70;0,67;300
B0-02-440D;1;0011;70;0,67;300
B0-02-440X;2;0010;170;1,63;900
B0-02-440Y;3;0010;170;1,63;900
B0-02-440Z;4;0010;170;1,63;900
B0-02-441B;1;0011;120;1,15;300
B0-02-441C;1;0011;70;0,67;300
B0-02-441D;1;0011;70;0,67;300
B0-02-441X;2;0010;170;1,63;900
B0-02-441Y;3;0010;170;1,63;900
B0-02-441Z;4;0010;170;1,63;900
B0-02-442B;1;0011;120;1,15;300
B0-02-442C;1;0011;70;0,67;300
B0-02-442D;1;0011;70;0,67;300
B0-02-442X;2;0010;170;1,63;900
B0-02-442Y;3;0010;170;1,63;900
B0-02-442Z;4;0010;170;1,63;900
B0-03-100A;1;0052;150;1,44;1000
B0-03-100X;2;0010;170;1,63;900
B0-03-100Y;3;0010;170;1,63;900
B0-03-100Z;4;0010;170;1,63;900
B0-03-101A;1;0052;150;1,44;1000
B0-03-101X;2;0010;170;1,63;900
B0-03-101Y;3;0010;170;1,63;900
B0-03-101Z;4;0010;170;1,63;900
B0-03-102A;1;0052;150;1,44;1000
B0-03-102X;2;0010;170;1,63;900
B0-03-102Y;3;0010;170;1,63;900
B0-03-102Z;4;0010;170;1,63;900
B0-03-110A;1;0052;150;1,44;1000
B0-03-110X;2;0010;170;1,63;900
B0-03-110Y;3;0010;170;1,63;900
B0-03-110Z;4;0010;170;1,63;900
B0-03-111A;1;0052;150;1,44;1000
B0-03-111X;2;0010;170;1,63;900
B0-03-111Y;3;0010;170;1,63;900
B0-03-111Z;4;0010;170;1,63;900
B0-03-112A;1;0052;150;1,44;1000
B0-03-112X;2;0010;170;1,63;900
B0-03-112Y;3;0010;170;1,63;900
B0-03-112Z;4;0010;170;1,63;900
B0-03-120A;1;0052;150;1,44;1000
B0-03-120B;1;0011;120;1,15;300
B0-03-120X;2;0010;170;1,63;900
B0-03-120Y;3;0010;170;1,63;900
B0-03-120Z;4;0010;170;1,63;900
B0-03-121A;1;0052;150;1,44;1000
B0-03-121X;2;0010;170;1,63;900
B0-03-121Y;3;0010;170;1,63;900
B0-03-121Z;4;0010;170;1,63;900
B0-03-122A;1;0052;150;1,44;1000
B0-03-122X;2;0010;170;1,63;900
B0-03-122Y;3;0010;170;1,63;900
B0-03-122Z;4;0010;170;1,63;900
B0-03-130A;1;0052;150;1,44;1000
B0-03-130X;2;0010;170;1,63;900
B0-03-130Y;3;0010;170;1,63;900
B0-03-130Z;4;0010;170;1,63;900
B0-03-131A;1;0052;150;1,44;1000
B0-03-131X;2;0010;170;1,63;900
B0-03-131Y;3;0010;170;1,63;900
B0-03-131Z;4;0010;170;1,63;900
B0-03-132A;1;0052;150;1,44;1000
B0-03-132X;2;0010;170;1,63;900
B0-03-132Y;3;0010;170;1,63;900
B0-03-132Z;4;0010;170;1,63;900
B0-03-140A;1;0052;150;1,44;1000
B0-03-140X;2;0010;170;1,63;900
B0-03-140Y;3;0010;170;1,63;900
B0-03-140Z;4;0010;170;1,63;900
B0-03-141A;1;0052;150;1,44;1000
B0-03-141X;2;0010;170;1,63;900
B0-03-141Y;3;0010;170;1,63;900
B0-03-141Z;4;0010;170;1,63;900
B0-03-142A;1;0052;150;1,44;1000
B0-03-142X;2;0010;170;1,63;900
B0-03-142Y;3;0010;170;1,63;900
B0-03-142Z;4;0010;170;1,63;900
B0-03-150A;1;0052;150;1,44;1000
B0-03-150X;2;0010;170;1,63;900
B0-03-150Y;3;0010;170;1,63;900
B0-03-150Z;4;0010;170;1,63;900
B0-03-151A;1;0052;150;1,44;1000
B0-03-151X;2;0010;170;1,63;900
B0-03-151Y;3;0010;170;1,63;900
B0-03-151Z;4;0010;170;1,63;900
B0-03-152A;1;0052;150;1,44;1000
B0-03-152X;2;0010;170;1,63;900
B0-03-152Y;3;0010;170;1,63;900
B0-03-152Z;4;0010;170;1,63;900
B0-03-160A;1;0052;150;1,44;1000
B0-03-160X;2;0010;170;1,63;900
B0-03-160Y;3;0010;170;1,63;900
B0-03-160Z;4;0010;170;1,63;900
B0-03-161A;1;0050;150;1,44;1000
B0-03-161X;2;0010;170;1,63;900
B0-03-161Y;3;0010;170;1,63;900
B0-03-161Z;4;0010;170;1,63;900
B0-03-162A;1;0052;150;1,44;1000
B0-03-162X;2;0010;170;1,63;900
B0-03-162Y;3;0010;170;1,63;900
B0-03-162Z;4;0010;170;1,63;900
B0-03-170A;1;0052;150;1,44;1000
B0-03-170X;2;0010;170;1,63;900
B0-03-170Y;3;0010;170;1,63;900
B0-03-170Z;4;0010;170;1,63;900
B0-03-171A;1;0052;150;1,44;1000
B0-03-171X;2;0010;170;1,63;900
B0-03-171Y;3;0010;170;1,63;900
B0-03-171Z;4;0010;170;1,63;900
B0-03-172A;1;0052;150;1,44;1000
B0-03-172X;2;0010;170;1,63;900
B0-03-172Y;3;0010;170;1,63;900
B0-03-172Z;4;0010;170;1,63;900
B0-03-180A;1;0052;150;1,44;1000
B0-03-180X;2;0010;170;1,63;900
B0-03-180Y;3;0010;170;1,63;900
B0-03-180Z;4;0010;170;1,63;900
B0-03-181A;1;0052;150;1,44;1000
B0-03-181X;2;0010;170;1,63;900
B0-03-181Y;3;0010;170;1,63;900
B0-03-181Z;4;0010;170;1,63;900
B0-03-182A;1;0052;150;1,44;1000
B0-03-182X;2;0010;170;1,63;900
B0-03-182Y;3;0010;170;1,63;900
B0-03-182Z;4;0010;170;1,63;900
B0-03-190A;1;0052;150;1,44;1000
B0-03-190X;2;0010;170;1,63;900
B0-03-190Y;3;0010;170;1,63;900
B0-03-190Z;4;0010;170;1,63;900
B0-03-191A;1;0052;150;1,44;1000
B0-03-191X;2;0010;170;1,63;900
B0-03-191Y;3;0010;170;1,63;900
B0-03-191Z;4;0010;170;1,63;900
B0-03-192A;1;0052;150;1,44;1000
B0-03-192X;2;0010;170;1,63;900
B0-03-192Y;3;0010;170;1,63;900
B0-03-192Z;4;0010;170;1,63;900
B0-03-200A;1;0052;150;1,44;1000
B0-03-200X;2;0010;170;1,63;900
B0-03-200Y;3;0010;170;1,63;900
B0-03-200Z;4;0010;170;1,63;900
B0-03-201A;1;0052;150;1,44;1000
B0-03-201X;2;0010;170;1,63;900
B0-03-201Y;3;0010;170;1,63;900
B0-03-201Z;4;0010;170;1,63;900
B0-03-202A;1;0052;150;1,44;1000
B0-03-202X;2;0010;170;1,63;900
B0-03-202Y;3;0010;170;1,63;900
B0-03-202Z;4;0010;170;1,63;900
B0-03-210A;1;0052;150;1,44;1000
B0-03-210X;2;0010;170;1,63;900
B0-03-210Y;3;0010;170;1,63;900
B0-03-210Z;4;0010;170;1,63;900
B0-03-211A;1;0052;150;1,44;1000
B0-03-211X;2;0010;170;1,63;900
B0-03-211Y;3;0010;170;1,63;900
B0-03-211Z;4;0010;170;1,63;900
B0-03-212A;1;0052;150;1,44;1000
B0-03-212X;2;0010;170;1,63;900
B0-03-212Y;3;0010;170;1,63;900
B0-03-212Z;4;0010;170;1,63;900
B0-03-220A;1;0050;150;1,44;1000
B0-03-220X;2;0010;170;1,63;900
B0-03-220Y;3;0010;170;1,63;900
B0-03-220Z;4;0010;170;1,63;900
B0-03-221A;1;0052;150;1,44;1000
B0-03-221X;2;0010;170;1,63;900
B0-03-221Y;3;0010;170;1,63;900
B0-03-221Z;4;0010;170;1,63;900
B0-03-222A;1;0052;150;1,44;1000
B0-03-222X;2;0010;170;1,63;900
B0-03-222Y;3;0010;170;1,63;900
B0-03-222Z;4;0010;170;1,63;900
B0-03-230A;1;0052;150;1,44;1000
B0-03-230X;2;0010;170;1,63;900
B0-03-230Y;3;0010;170;1,63;900
B0-03-230Z;4;0010;170;1,63;900
B0-03-231A;1;0052;150;1,44;1000
B0-03-231X;2;0010;170;1,63;900
B0-03-231Y;3;0010;170;1,63;900
B0-03-231Z;4;0010;170;1,63;900
B0-03-232A;1;0052;150;1,44;1000
B0-03-232X;2;0010;170;1,63;900
B0-03-232Y;3;0010;170;1,63;900
B0-03-232Z;4;0010;170;1,63;900
B0-03-240A;1;0052;150;1,44;1000
B0-03-240X;2;0010;170;1,63;900
B0-03-240Y;3;0010;170;1,63;900
B0-03-240Z;4;0010;170;1,63;900
B0-03-241A;1;0052;150;1,44;1000
B0-03-241X;2;0010;170;1,63;900
B0-03-241Y;3;0010;170;1,63;900
B0-03-241Z;4;0010;170;1,63;900
B0-03-242A;1;0052;150;1,44;1000
B0-03-242X;2;0010;170;1,63;900
B0-03-242Y;3;0010;170;1,63;900
B0-03-242Z;4;0010;170;1,63;900
B0-03-250Y;3;0010;170;1,63;900
B0-03-250Z;4;0010;170;1,63;900
B0-03-251Y;3;0010;170;1,63;900
B0-03-251Z;4;0010;170;1,63;900
B0-03-252Y;3;0010;170;1,63;900
B0-03-252Z;4;0010;170;1,63;900
B0-03-260Y;3;0010;170;1,63;900
B0-03-260Z;4;0010;170;1,63;900
B0-03-261Y;3;0010;170;1,63;900
B0-03-261Z;4;0010;170;1,63;900
B0-03-262Y;3;0010;170;1,63;900
B0-03-262Z;4;0010;170;1,63;900
B0-03-270A;1;0052;150;1,44;1000
B0-03-270X;2;0010;170;1,63;900
B0-03-270Y;3;0010;170;1,63;900
B0-03-270Z;4;0010;170;1,63;900
B0-03-271A;1;0052;150;1,44;1000
B0-03-271X;2;0010;170;1,63;900
B0-03-271Y;3;0010;170;1,63;900
B0-03-271Z;4;0010;170;1,63;900
B0-03-272A;1;0052;150;1,44;1000
B0-03-272X;2;0010;170;1,63;900
B0-03-272Y;3;0010;170;1,63;900
B0-03-272Z;4;0010;170;1,63;900
B0-03-280A;1;0052;150;1,44;1000
B0-03-280X;2;0010;170;1,63;900
B0-03-280Y;3;0010;170;1,63;900
B0-03-280Z;4;0010;170;1,63;900
B0-03-281A;1;0052;150;1,44;1000
B0-03-281X;2;0010;170;1,63;900
B0-03-281Y;3;0010;170;1,63;900
B0-03-281Z;4;0010;170;1,63;900
B0-03-282A;1;0050;150;1,44;1000
B0-03-282X;2;0010;170;1,63;900
B0-03-282Y;3;0010;170;1,63;900
B0-03-282Z;4;0010;170;1,63;900
B0-03-290A;1;0052;150;1,44;1000
B0-03-290X;2;0010;170;1,63;900
B0-03-290Y;3;0010;170;1,63;900
B0-03-290Z;4;0010;170;1,63;900
B0-03-291A;1;0052;150;1,44;1000
B0-03-291X;2;0010;170;1,63;900
B0-03-291Y;3;0010;170;1,63;900
B0-03-291Z;4;0010;170;1,63;900
B0-03-292A;1;0052;150;1,44;1000
B0-03-292X;2;0010;170;1,63;900
B0-03-292Y;3;0010;170;1,63;900
B0-03-292Z;4;0010;170;1,63;900
B0-03-300A;1;0052;150;1,44;1000
B0-03-300C;1;0011;70;0,67;300
B0-03-300X;2;0010;170;1,63;900
B0-03-300Y;3;0010;170;1,63;900
B0-03-300Z;4;0010;170;1,63;900
B0-03-301A;1;0052;150;1,44;1000
B0-03-301X;2;0010;170;1,63;900
B0-03-301Y;3;0010;170;1,63;900
B0-03-301Z;4;0010;170;1,63;900
B0-03-302A;1;0052;150;1,44;1000
B0-03-302X;2;0010;170;1,63;900
B0-03-302Y;3;0010;170;1,63;900
B0-03-302Z;4;0010;170;1,63;900
B0-03-310A;1;0052;150;1,44;1000
B0-03-310X;2;0010;170;1,63;900
B0-03-310Y;3;0010;170;1,63;900
B0-03-310Z;4;0010;170;1,63;900
B0-03-311A;1;0052;150;1,44;1000
B0-03-311X;2;0010;170;1,63;900
B0-03-311Y;3;0010;170;1,63;900
B0-03-311Z;4;0010;170;1,63;900
B0-03-312A;1;0052;150;1,44;1000
B0-03-312X;2;0010;170;1,63;900
B0-03-312Y;3;0010;170;1,63;900
B0-03-312Z;4;0010;170;1,63;900
B0-03-320A;1;0052;150;1,44;1000
B0-03-320X;2;0010;170;1,63;900
B0-03-320Y;3;0010;170;1,63;900
B0-03-320Z;4;0010;170;1,63;900
B0-03-321A;1;0052;150;1,44;1000
B0-03-321X;2;0010;170;1,63;900
B0-03-321Y;3;0010;170;1,63;900
B0-03-321Z;4;0010;170;1,63;900
B0-03-322A;1;0052;150;1,44;1000
B0-03-322X;2;0010;170;1,63;900
B0-03-322Y;3;0010;170;1,63;900
B0-03-322Z;4;0010;170;1,63;900
B0-03-330A;1;0052;150;1,44;1000
B0-03-330X;2;0010;170;1,63;900
B0-03-330Y;3;0010;170;1,63;900
B0-03-330Z;4;0010;170;1,63;900
B0-03-331A;1;0052;150;1,44;1000
B0-03-331X;2;0010;170;1,63;900
B0-03-331Y;3;0010;170;1,63;900
B0-03-331Z;4;0010;170;1,63;900
B0-03-332A;1;0052;150;1,44;1000
B0-03-332X;2;0010;170;1,63;900
B0-03-332Y;3;0010;170;1,63;900
B0-03-332Z;4;0010;170;1,63;900
B0-03-340A;1;0052;150;1,44;1000
B0-03-340X;2;0010;170;1,63;900
B0-03-340Y;3;0010;170;1,63;900
B0-03-340Z;4;0010;170;1,63;900
B0-03-341A;1;0052;150;1,44;1000
B0-03-341X;2;0010;170;1,63;900
B0-03-341Y;3;0010;170;1,63;900
B0-03-341Z;4;0010;170;1,63;900
B0-03-342A;1;0052;150;1,44;1000
B0-03-342X;2;0010;170;1,63;900
B0-03-342Y;3;0010;170;1,63;900
B0-03-342Z;4;0010;170;1,63;900
B0-03-350A;1;0052;150;1,44;1000
B0-03-350X;2;0010;170;1,63;900
B0-03-350Y;3;0010;170;1,63;900
B0-03-350Z;4;0010;170;1,63;900
B0-03-351A;1;0052;150;1,44;1000
B0-03-351X;2;0010;170;1,63;900
B0-03-351Y;3;0010;170;1,63;900
B0-03-351Z;4;0010;170;1,63;900
B0-03-352A;1;0050;150;1,44;1000
B0-03-352X;2;0010;170;1,63;900
B0-03-352Y;3;0010;170;1,63;900
B0-03-352Z;4;0010;170;1,63;900
B0-03-360A;1;0052;150;1,44;1000
B0-03-360X;2;0010;170;1,63;900
B0-03-360Y;3;0010;170;1,63;900
B0-03-360Z;4;0010;170;1,63;900
B0-03-361A;1;0052;150;1,44;1000
B0-03-361X;2;0010;170;1,63;900
B0-03-361Y;3;0010;170;1,63;900
B0-03-361Z;4;0010;170;1,63;900
B0-03-362A;1;0052;150;1,44;1000
B0-03-362X;2;0010;170;1,63;900
B0-03-362Y;3;0010;170;1,63;900
B0-03-362Z;4;0010;170;1,63;900
B0-03-370A;1;0052;150;1,44;1000
B0-03-370X;2;0010;170;1,63;900
B0-03-370Y;3;0010;170;1,63;900
B0-03-370Z;4;0010;170;1,63;900
B0-03-371A;1;0052;150;1,44;1000
B0-03-371X;2;0010;170;1,63;900
B0-03-371Y;3;0010;170;1,63;900
B0-03-371Z;4;0010;170;1,63;900
B0-03-372A;1;0052;150;1,44;1000
B0-03-372X;2;0010;170;1,63;900
B0-03-372Y;3;0010;170;1,63;900
B0-03-372Z;4;0010;170;1,63;900
B0-03-380A;1;0052;150;1,44;1000
B0-03-380X;2;0010;170;1,63;900
B0-03-380Y;3;0010;170;1,63;900
B0-03-380Z;4;0010;170;1,63;900
B0-03-381A;1;0052;150;1,44;1000
B0-03-381X;2;0010;170;1,63;900
B0-03-381Y;3;0010;170;1,63;900
B0-03-381Z;4;0010;170;1,63;900
B0-03-382A;1;0052;150;1,44;1000
B0-03-382X;2;0010;170;1,63;900
B0-03-382Y;3;0010;170;1,63;900
B0-03-382Z;4;0010;170;1,63;900
B0-03-390A;1;0052;150;1,44;1000
B0-03-390X;2;0010;170;1,63;900
B0-03-390Y;3;0010;170;1,63;900
B0-03-390Z;4;0010;170;1,63;900
B0-03-391A;1;0052;150;1,44;1000
B0-03-391X;2;0010;170;1,63;900
B0-03-391Y;3;0010;170;1,63;900
B0-03-391Z;4;0010;170;1,63;900
B0-03-392A;1;0052;150;1,44;1000
B0-03-392X;2;0010;170;1,63;900
B0-03-392Y;3;0010;170;1,63;900
B0-03-392Z;4;0010;170;1,63;900
B0-03-400A;1;0052;150;1,44;1000
B0-03-400X;2;0010;170;1,63;900
B0-03-400Y;3;0010;170;1,63;900
B0-03-400Z;4;0010;170;1,63;900
B0-03-401A;1;0052;150;1,44;1000
B0-03-401X;2;0010;170;1,63;900
B0-03-401Y;3;0010;170;1,63;900
B0-03-401Z;4;0010;170;1,63;900
B0-03-402A;1;0052;150;1,44;1000
B0-03-402X;2;0010;170;1,63;900
B0-03-402Y;3;0010;170;1,63;900
B0-03-402Z;4;0010;170;1,63;900
B0-03-410A;1;0052;150;1,44;1000
B0-03-410X;2;0010;170;1,63;900
B0-03-410Y;3;0010;170;1,63;900
B0-03-410Z;4;0010;170;1,63;900
B0-03-411A;1;0050;150;1,44;1000
B0-03-411X;2;0010;170;1,63;900
B0-03-411Y;3;0010;170;1,63;900
B0-03-411Z;4;0010;170;1,63;900
B0-03-412A;1;0052;150;1,44;1000
B0-03-412X;2;0010;170;1,63;900
B0-03-412Y;3;0010;170;1,63;900
B0-03-412Z;4;0010;170;1,63;900
B0-03-420A;1;0052;150;1,44;1000
B0-03-420X;2;0010;170;1,63;900
B0-03-420Y;3;0010;170;1,63;900
B0-03-420Z;4;0010;170;1,63;900
B0-03-421A;1;0052;150;1,44;1000
B0-03-421X;2;0010;170;1,63;900
B0-03-421Y;3;0010;170;1,63;900
B0-03-421Z;4;0010;170;1,63;900
B0-03-422A;1;0052;150;1,44;1000
B0-03-422X;2;0010;170;1,63;900
B0-03-422Y;3;0010;170;1,63;900
B0-03-422Z;4;0010;170;1,63;900
B0-03-430A;1;0052;150;1,44;1000
B0-03-430X;2;0010;170;1,63;900
B0-03-430Y;3;0010;170;1,63;900
B0-03-430Z;4;0010;170;1,63;900
B0-03-431A;1;0052;150;1,44;1000
B0-03-431X;2;0010;170;1,63;900
B0-03-431Y;3;0010;170;1,63;900
B0-03-431Z;4;0010;170;1,63;900
B0-03-432A;1;0052;150;1,44;1000
B0-03-432X;2;0010;170;1,63;900
B0-03-432Y;3;0010;170;1,63;900
B0-03-432Z;4;0010;170;1,63;900
B0-03-440A;1;0052;150;1,44;1000
B0-03-440X;2;0010;170;1,63;900
B0-03-440Y;3;0010;170;1,63;900
B0-03-440Z;4;0010;170;1,63;900
B0-03-441A;1;0052;150;1,44;1000
B0-03-441X;2;0010;170;1,63;900
B0-03-441Y;3;0010;170;1,63;900
B0-03-441Z;4;0010;170;1,63;900
B0-03-442A;1;0052;150;1,44;1000
B0-03-442X;2;0010;170;1,63;900
B0-03-442Y;3;0010;170;1,63;900
B0-03-442Z;4;0010;170;1,63;900
B0-03-450A;1;0052;150;1,44;1000
B0-03-450X;2;0010;170;1,63;900
B0-03-450Y;3;0010;170;1,63;900
B0-03-450Z;4;0010;170;1,63;900
B0-03-451A;1;0052;150;1,44;1000
B0-03-451X;2;0010;170;1,63;900
B0-03-451Y;3;0010;170;1,63;900
B0-03-451Z;4;0010;170;1,63;900
B0-03-452A;1;0052;150;1,44;1000
B0-03-452X;2;0010;170;1,63;900
B0-03-452Y;3;0010;170;1,63;900
B0-03-452Z;4;0010;170;1,63;900
B0-03-460A;1;0052;150;1,44;1000
B0-03-460X;2;0010;170;1,63;900
B0-03-460Y;3;0010;170;1,63;900
B0-03-460Z;4;0010;170;1,63;900
B0-03-461A;1;0052;150;1,44;1000
B0-03-461X;2;0010;170;1,63;900
B0-03-461Y;3;0010;170;1,63;900
B0-03-461Z;4;0010;170;1,63;900
B0-03-462A;1;0052;150;1,44;1000
B0-03-462X;2;0010;170;1,63;900
B0-03-462Y;3;0010;170;1,63;900
B0-03-462Z;4;0010;170;1,63;900
B0-03-470A;1;0050;150;1,44;1000
B0-03-470X;2;0010;170;1,63;900
B0-03-470Y;3;0010;170;1,63;900
B0-03-470Z;4;0010;170;1,63;900
B0-03-471A;1;0052;150;1,44;1000
B0-03-471X;2;0010;170;1,63;900
B0-03-471Y;3;0010;170;1,63;900
B0-03-471Z;4;0010;170;1,63;900
B0-03-472A;1;0052;150;1,44;1000
B0-03-472X;2;0010;170;1,63;900
B0-03-472Y;3;0010;170;1,63;900
B0-03-472Z;4;0010;170;1,63;900
B0-03-480A;1;0052;150;1,44;1000
B0-03-480X;2;0010;170;1,63;900
B0-03-480Y;3;0010;170;1,63;900
B0-03-480Z;4;0010;170;1,63;900
B0-03-481A;1;0052;150;1,44;1000
B0-03-481X;2;0010;170;1,63;900
B0-03-481Y;3;0010;170;1,63;900
B0-03-481Z;4;0010;170;1,63;900
B0-03-482A;1;0052;150;1,44;1000
B0-03-482X;2;0010;170;1,63;900
B0-03-482Y;3;0010;170;1,63;900
B0-03-482Z;4;0010;170;1,63;900
B0-03-490A;1;0052;150;1,44;1000
B0-03-490X;2;0010;170;1,63;900
B0-03-490Y;3;0010;170;1,63;900
B0-03-490Z;4;0010;170;1,63;900
B0-03-491A;1;0052;150;1,44;1000
B0-03-491X;2;0010;170;1,63;900
B0-03-491Y;3;0010;170;1,63;900
B0-03-491Z;4;0010;170;1,63;900
B0-03-492A;1;0052;150;1,44;1000
B0-03-492X;2;0010;170;1,63;900
B0-03-492Y;3;0010;170;1,63;900
B0-03-492Z;4;0010;170;1,63;900
B0-03-500A;1;0052;150;1,44;1000
B0-03-500X;2;0010;170;1,63;900
B0-03-500Y;3;0010;170;1,63;900
B0-03-500Z;4;0010;170;1,63;900
B0-03-501A;1;0052;150;1,44;1000
B0-03-501X;2;0010;170;1,63;900
B0-03-501Y;3;0010;170;1,63;900
B0-03-501Z;4;0010;170;1,63;900
B0-03-502A;1;0052;150;1,44;1000
B0-03-502X;2;0010;170;1,63;900
B0-03-502Y;3;0010;170;1,63;900
B0-03-502Z;4;0010;170;1,63;900
B0-03-510A;1;0052;150;1,44;1000
B0-03-510X;2;0010;170;1,63;900
B0-03-510Y;3;0010;170;1,63;900
B0-03-510Z;4;0010;170;1,63;900
B0-03-511A;1;0052;150;1,44;1000
B0-03-511X;2;0010;170;1,63;900
B0-03-511Y;3;0010;170;1,63;900
B0-03-511Z;4;0010;170;1,63;900
B0-03-512A;1;0052;150;1,44;1000
B0-03-512X;2;0010;170;1,63;900
B0-03-512Y;3;0010;170;1,63;900
B0-03-512Z;4;0010;170;1,63;900
B0-03-520A;1;0052;150;1,44;1000
B0-03-520X;2;0010;170;1,63;900
B0-03-520Y;3;0010;170;1,63;900
B0-03-520Z;4;0010;170;1,63;900
B0-03-521A;1;0052;150;1,44;1000
B0-03-521X;2;0010;170;1,63;900
B0-03-521Y;3;0010;170;1,63;900
B0-03-521Z;4;0010;170;1,63;900
B0-03-522A;1;0050;150;1,44;1000
B0-03-522X;2;0010;170;1,63;900
B0-03-522Y;3;0010;170;1,63;900
B0-03-522Z;4;0010;170;1,63;900
B0-04-100A;1;0052;150;1,44;1000
B0-04-100B;1;0011;120;1,15;300
B0-04-100C-1;1;0011;70;0,34;150
B0-04-100C-2;1;0011;70;0,34;150
B0-04-100D-1;1;0011;70;0,34;150
B0-04-100D-2;1;0011;70;0,34;150
B0-04-100X;2;0010;170;1,63;900
B0-04-100Y;3;0010;170;1,63;900
B0-04-100Z;4;0010;170;1,63;900
B0-04-101B;1;0011;120;1,15;300
B0-04-101C-1;1;0011;70;0,34;150
B0-04-101C-2;1;0011;70;0,34;150
B0-04-101D-1;1;0011;70;0,34;150
B0-04-101D-2;1;0011;70;0,34;150
B0-04-101X;2;0010;170;1,63;900
B0-04-101Y;3;0010;170;1,63;900
B0-04-101Z;4;0010;170;1,63;900
B0-04-110B;1;0011;120;1,15;300
B0-04-110C-1;1;0011;70;0,34;150
B0-04-110C-2;1;0011;70;0,34;150
B0-04-110D-1;1;0011;70;0,34;150
B0-04-110D-2;1;0011;70;0,34;150
B0-04-110X;2;0010;170;1,63;900
B0-04-110Y;3;0010;170;1,63;900
B0-04-110Z;4;0010;170;1,63;900
B0-04-111B;1;0011;120;1,15;300
B0-04-111C-1;1;0011;70;0,34;150
B0-04-111C-2;1;0011;70;0,34;150
B0-04-111D-1;1;0011;70;0,34;150
B0-04-111D-2;1;0011;70;0,34;150
B0-04-111X;2;0010;170;1,63;900
B0-04-111Y;3;0010;170;1,63;900
B0-04-111Z;4;0010;170;1,63;900
B0-04-120B;1;0011;120;1,15;300
B0-04-120C-1;1;0011;70;0,34;150
B0-04-120C-2;1;0011;70;0,34;150
B0-04-120D-1;1;0011;70;0,34;150
B0-04-120D-2;1;0011;70;0,34;150
B0-04-120X;2;0010;170;1,63;900
B0-04-120Y;3;0010;170;1,63;900
B0-04-120Z;4;0010;170;1,63;900
B0-04-121B;1;0011;120;1,15;300
B0-04-121C-1;1;0011;70;0,34;150
B0-04-121C-2;1;0011;70;0,34;150
B0-04-121D-1;1;0011;70;0,34;150
B0-04-121D-2;1;0011;70;0,34;150
B0-04-121X;2;0010;170;1,63;900
B0-04-121Y;3;0010;170;1,63;900
B0-04-121Z;4;0010;170;1,63;900
B0-04-130B;1;0011;120;1,15;300
B0-04-130C-1;1;0011;70;0,34;150
B0-04-130C-2;1;0011;70;0,34;150
B0-04-130D-1;1;0011;70;0,34;150
B0-04-130D-2;1;0011;70;0,34;150
B0-04-130X;2;0010;170;1,63;900
B0-04-130Y;3;0010;170;1,63;900
B0-04-130Z;4;0010;170;1,63;900
B0-04-131B;1;0011;120;1,15;300
B0-04-131C-1;1;0011;70;0,34;150
B0-04-131C-2;1;0011;70;0,34;150
B0-04-131D-1;1;0011;70;0,34;150
B0-04-131D-2;1;0011;70;0,34;150
B0-04-131X;2;0010;170;1,63;900
B0-04-131Y;3;0010;170;1,63;900
B0-04-131Z;4;0010;170;1,63;900
B0-04-140B;1;0011;120;1,15;300
B0-04-140C-1;1;0011;70;0,34;150
B0-04-140C-2;1;0011;70;0,34;150
B0-04-140D-1;1;0011;70;0,34;150
B0-04-140D-2;1;0011;70;0,34;150
B0-04-140X;2;0010;170;1,63;900
B0-04-140Y;3;0010;170;1,63;900
B0-04-140Z;4;0010;170;1,63;900
B0-04-141B;1;0011;120;1,15;300
B0-04-141C-1;1;0011;70;0,34;150
B0-04-141C-2;1;0011;70;0,34;150
B0-04-141D-1;1;0011;70;0,34;150
B0-04-141D-2;1;0011;70;0,34;150
B0-04-141X;2;0010;170;1,63;900
B0-04-141Y;3;0010;170;1,63;900
B0-04-141Z;4;0010;170;1,63;900
B0-04-150B;1;0011;120;1,15;300
B0-04-150C-1;1;0011;70;0,34;150
B0-04-150C-2;1;0011;70;0,34;150
B0-04-150D-1;1;0011;70;0,34;150
B0-04-150D-2;1;0011;70;0,34;150
B0-04-150X;2;0010;170;1,63;900
B0-04-150Y;3;0010;170;1,63;900
B0-04-150Z;4;0010;170;1,63;900
B0-04-151B;1;0011;120;1,15;300
B0-04-151C-1;1;0011;70;0,34;150
B0-04-151C-2;1;0011;70;0,34;150
B0-04-151D-1;1;0011;70;0,34;150
B0-04-151D-2;1;0011;70;0,34;150
B0-04-151X;2;0010;170;1,63;900
B0-04-151Y;3;0010;170;1,63;900
B0-04-151Z;4;0010;170;1,63;900
B0-04-160B;1;0011;120;1,15;300
B0-04-160C-1;1;0011;70;0,34;150
B0-04-160C-2;1;0011;70;0,34;150
B0-04-160D-1;1;0011;70;0,34;150
B0-04-160D-2;1;0011;70;0,34;150
B0-04-160X;2;0010;170;1,63;900
B0-04-160Y;3;0010;170;1,63;900
B0-04-160Z;4;0010;170;1,63;900
B0-04-161B;1;0011;120;1,15;300
B0-04-161C-1;1;0011;70;0,34;150
B0-04-161C-2;1;0011;70;0,34;150
B0-04-161D-1;1;0011;70;0,34;150
B0-04-161D-2;1;0011;70;0,34;150
B0-04-161X;2;0010;170;1,63;900
B0-04-161Y;3;0010;170;1,63;900
B0-04-161Z;4;0010;170;1,63;900
B0-04-170B;1;0011;120;1,15;300
B0-04-170C-1;1;0011;70;0,34;150
B0-04-170C-2;1;0011;70;0,34;150
B0-04-170D-1;1;0011;70;0,34;150
B0-04-170D-2;1;0011;70;0,34;150
B0-04-170X;2;0010;170;1,63;900
B0-04-170Y;3;0010;170;1,63;900
B0-04-170Z;4;0010;170;1,63;900
B0-04-171B;1;0011;120;1,15;300
B0-04-171C-1;1;0011;70;0,34;150
B0-04-171C-2;1;0011;70;0,34;150
B0-04-171D-1;1;0011;70;0,34;150
B0-04-171D-2;1;0011;70;0,34;150
B0-04-171X;2;0010;170;1,63;900
B0-04-171Y;3;0010;170;1,63;900
B0-04-171Z;4;0010;170;1,63;900
B0-04-180B;1;0011;120;1,15;300
B0-04-180C-1;1;0011;70;0,34;150
B0-04-180C-2;1;0011;70;0,34;150
B0-04-180D-1;1;0011;70;0,34;150
B0-04-180D-2;1;0011;70;0,34;150
B0-04-180X;2;0010;170;1,63;900
B0-04-180Y;3;0010;170;1,63;900
B0-04-180Z;4;0010;170;1,63;900
B0-04-181B;1;0011;120;1,15;300
B0-04-181C-1;1;0011;70;0,34;150
B0-04-181C-2;1;0011;70;0,34;150
B0-04-181D-1;1;0011;70;0,34;150
B0-04-181D-2;1;0011;70;0,34;150
B0-04-181X;2;0010;170;1,63;900
B0-04-181Y;3;0010;170;1,63;900
B0-04-181Z;4;0010;170;1,63;900
B0-04-190B;1;0011;120;1,15;300
B0-04-190C-1;1;0011;70;0,34;150
B0-04-190C-2;1;0011;70;0,34;150
B0-04-190D-1;1;0011;70;0,34;150
B0-04-190D-2;1;0011;70;0,34;150
B0-04-190X;2;0010;170;1,63;900
B0-04-190Y;3;0010;170;1,63;900
B0-04-190Z;4;0010;170;1,63;900
B0-04-191B;1;0011;120;1,15;300
B0-04-191C-1;1;0011;70;0,34;150
B0-04-191C-2;1;0011;70;0,34;150
B0-04-191D-1;1;0011;70;0,34;150
B0-04-191D-2;1;0011;70;0,34;150
B0-04-191X;2;0010;170;1,63;900
B0-04-191Y;3;0010;170;1,63;900
B0-04-191Z;4;0010;170;1,63;900
B0-04-200B;1;0011;120;1,15;300
B0-04-200C-1;1;0011;70;0,34;150
B0-04-200C-2;1;0011;70;0,34;150
B0-04-200D-1;1;0011;70;0,34;150
B0-04-200D-2;1;0011;70;0,34;150
B0-04-200X;2;0010;170;1,63;900
B0-04-200Y;3;0010;170;1,63;900
B0-04-200Z;4;0010;170;1,63;900
B0-04-201B;1;0011;120;1,15;300
B0-04-201C-1;1;0011;70;0,34;150
B0-04-201C-2;1;0011;70;0,34;150
B0-04-201D-1;1;0011;70;0,34;150
B0-04-201D-2;1;0011;70;0,34;150
B0-04-201X;2;0010;170;1,63;900
B0-04-201Y;3;0010;170;1,63;900
B0-04-201Z;4;0010;170;1,63;900
B0-04-210B;1;0011;120;1,15;300
B0-04-210C-1;1;0011;70;0,34;150
B0-04-210C-2;1;0011;70;0,34;150
B0-04-210D-1;1;0011;70;0,34;150
B0-04-210D-2;1;0011;70;0,34;150
B0-04-210X;2;0010;170;1,63;900
B0-04-210Y;3;0010;170;1,63;900
B0-04-210Z;4;0010;170;1,63;900
B0-04-211B;1;0011;120;1,15;300
B0-04-211C-1;1;0011;70;0,34;150
B0-04-211C-2;1;0011;70;0,34;150
B0-04-211D-1;1;0011;70;0,34;150
B0-04-211D-2;1;0011;70;0,34;150
B0-04-211X;2;0010;170;1,63;900
B0-04-211Y;3;0010;170;1,63;900
B0-04-211Z;4;0010;170;1,63;900
B0-04-220B;1;0011;120;1,15;300
B0-04-220C-1;1;0011;70;0,34;150
B0-04-220C-2;1;0011;70;0,34;150
B0-04-220D-1;1;0011;70;0,34;150
B0-04-220D-2;1;0011;70;0,34;150
B0-04-220X;2;0010;170;1,63;900
B0-04-220Y;3;0010;170;1,63;900
B0-04-220Z;4;0010;170;1,63;900
B0-04-221B;1;0011;120;1,15;300
B0-04-221C-1;1;0011;70;0,34;150
B0-04-221C-2;1;0011;70;0,34;150
B0-04-221D-1;1;0011;70;0,34;150
B0-04-221D-2;1;0011;70;0,34;150
B0-04-221X;2;0010;170;1,63;900
B0-04-221Y;3;0010;170;1,63;900
B0-04-221Z;4;0010;170;1,63;900
B0-04-230B;1;0011;120;1,15;300
B0-04-230C-1;1;0011;70;0,34;150
B0-04-230C-2;1;0011;70;0,34;150
B0-04-230D-1;1;0011;70;0,34;150
B0-04-230D-2;1;0011;70;0,34;150
B0-04-230X;2;0010;170;1,63;900
B0-04-230Y;3;0010;170;1,63;900
B0-04-230Z;4;0010;170;1,63;900
B0-04-231B;1;0011;120;1,15;300
B0-04-231C-1;1;0011;70;0,34;150
B0-04-231C-2;1;0011;70;0,34;150
B0-04-231D-1;1;0011;70;0,34;150
B0-04-231D-2;1;0011;70;0,34;150
B0-04-231X;2;0010;170;1,63;900
B0-04-231Y;3;0010;170;1,63;900
B0-04-231Z;4;0010;170;1,63;900
B0-04-240B;1;0011;120;1,15;300
B0-04-240C-1;1;0011;70;0,34;150
B0-04-240C-2;1;0011;70;0,34;150
B0-04-240D-1;1;0011;70;0,34;150
B0-04-240D-2;1;0011;70;0,34;150
B0-04-240X;2;0010;170;1,63;900
B0-04-240Y;3;0010;170;1,63;900
B0-04-240Z;4;0010;170;1,63;900
B0-04-241B;1;0011;120;1,15;300
B0-04-241C-1;1;0011;70;0,34;150
B0-04-241C-2;1;0011;70;0,34;150
B0-04-241D-1;1;0011;70;0,34;150
B0-04-241D-2;1;0011;70;0,34;150
B0-04-241X;2;0010;170;1,63;900
B0-04-241Y;3;0010;170;1,63;900
B0-04-241Z;4;0010;170;1,63;900
B0-04-250B;1;0011;120;1,15;300
B0-04-250C-1;1;0011;70;0,34;150
B0-04-250C-2;1;0011;70;0,34;150
B0-04-250D-1;1;0011;70;0,34;150
B0-04-250D-2;1;0011;70;0,34;150
B0-04-250X;2;0010;170;1,63;900
B0-04-250Y;3;0010;170;1,63;900
B0-04-250Z;4;0010;170;1,63;900
B0-04-251B;1;0011;120;1,15;300
B0-04-251C-1;1;0011;70;0,34;150
B0-04-251C-2;1;0011;70;0,34;150
B0-04-251D-1;1;0011;70;0,34;150
B0-04-251D-2;1;0011;70;0,34;150
B0-04-251X;2;0010;170;1,63;900
B0-04-251Y;3;0010;170;1,63;900
B0-04-251Z;4;0010;170;1,63;900
B0-04-260B;1;0011;120;1,15;300
B0-04-260C-1;1;0011;70;0,34;150
B0-04-260C-2;1;0011;70;0,34;150
B0-04-260D-1;1;0011;70;0,34;150
B0-04-260D-2;1;0011;70;0,34;150
B0-04-260X;2;0010;170;1,63;900
B0-04-260Y;3;0010;170;1,63;900
B0-04-260Z;4;0010;170;1,63;900
B0-04-261B;1;0011;120;1,15;300
B0-04-261C-1;1;0011;70;0,34;150
B0-04-261C-2;1;0011;70;0,34;150
B0-04-261D-1;1;0011;70;0,34;150
B0-04-261D-2;1;0011;70;0,34;150
B0-04-261X;2;0010;170;1,63;900
B0-04-261Y;3;0010;170;1,63;900
B0-04-261Z;4;0010;170;1,63;900
B0-04-270B;1;0011;120;1,15;300
B0-04-270C-1;1;0011;70;0,34;150
B0-04-270C-2;1;0011;70;0,34;150
B0-04-270D-1;1;0011;70;0,34;150
B0-04-270D-2;1;0011;70;0,34;150
B0-04-270X;2;0010;170;1,63;900
B0-04-270Y;3;0010;170;1,63;900
B0-04-270Z;4;0010;170;1,63;900
B0-04-271B;1;0011;120;1,15;300
B0-04-271C-1;1;0011;70;0,34;150
B0-04-271C-2;1;0011;70;0,34;150
B0-04-271D-1;1;0011;70;0,34;150
B0-04-271D-2;1;0011;70;0,34;150
B0-04-271X;2;0010;170;1,63;900
B0-04-271Y;3;0010;170;1,63;900
B0-04-271Z;4;0010;170;1,63;900
B0-04-280B;1;0011;120;1,15;300
B0-04-280C-1;1;0011;70;0,34;150
B0-04-280C-2;1;0011;70;0,34;150
B0-04-280D-1;1;0011;70;0,34;150
B0-04-280D-2;1;0011;70;0,34;150
B0-04-280X;2;0010;170;1,63;900
B0-04-280Y;3;0010;170;1,63;900
B0-04-280Z;4;0010;170;1,63;900
B0-04-281B;1;0011;120;1,15;300
B0-04-281C-1;1;0011;70;0,34;150
B0-04-281C-2;1;0011;70;0,34;150
B0-04-281D-1;1;0011;70;0,34;150
B0-04-281D-2;1;0011;70;0,34;150
B0-04-281X;2;0010;170;1,63;900
B0-04-281Y;3;0010;170;1,63;900
B0-04-281Z;4;0010;170;1,63;900
B0-04-290B;1;0011;120;1,15;300
B0-04-290C-1;1;0011;70;0,34;150
B0-04-290C-2;1;0011;70;0,34;150
B0-04-290D-1;1;0011;70;0,34;150
B0-04-290D-2;1;0011;70;0,34;150
B0-04-290X;2;0010;170;1,63;900
B0-04-290Y;3;0010;170;1,63;900
B0-04-290Z;4;0010;170;1,63;900
B0-04-291B;1;0011;120;1,15;300
B0-04-291C-1;1;0011;70;0,34;150
B0-04-291C-2;1;0011;70;0,34;150
B0-04-291D-1;1;0011;70;0,34;150
B0-04-291D-2;1;0011;70;0,34;150
B0-04-291X;2;0010;170;1,63;900
B0-04-291Y;3;0010;170;1,63;900
B0-04-291Z;4;0010;170;1,63;900
B0-04-300B;1;0011;120;1,15;300
B0-04-300C-1;1;0011;70;0,34;150
B0-04-300C-2;1;0011;70;0,34;150
B0-04-300D-1;1;0011;70;0,34;150
B0-04-300D-2;1;0011;70;0,34;150
B0-04-300X;2;0010;170;1,63;900
B0-04-300Y;3;0010;170;1,63;900
B0-04-300Z;4;0010;170;1,63;900
B0-04-301B;1;0011;120;1,15;300
B0-04-301C-1;1;0011;70;0,34;150
B0-04-301C-2;1;0011;70;0,34;150
B0-04-301D-1;1;0011;70;0,34;150
B0-04-301D-2;1;0011;70;0,34;150
B0-04-301X;2;0010;170;1,63;900
B0-04-301Y;3;0010;170;1,63;900
B0-04-301Z;4;0010;170;1,63;900
B0-04-310B;1;0011;120;1,15;300
B0-04-310C-1;1;0011;70;0,34;150
B0-04-310C-2;1;0011;70;0,34;150
B0-04-310D-1;1;0011;70;0,34;150
B0-04-310D-2;1;0011;70;0,34;150
B0-04-310X;2;0010;170;1,63;900
B0-04-310Y;3;0010;170;1,63;900
B0-04-310Z;4;0010;170;1,63;900
B0-04-311B;1;0011;120;1,15;300
B0-04-311C-1;1;0011;70;0,34;150
B0-04-311C-2;1;0011;70;0,34;150
B0-04-311D-1;1;0011;70;0,34;150
B0-04-311D-2;1;0011;70;0,34;150
B0-04-311X;2;0010;170;1,63;900
B0-04-311Y;3;0010;170;1,63;900
B0-04-311Z;4;0010;170;1,63;900
B0-04-320B;1;0011;120;1,15;300
B0-04-320C-1;1;0011;70;0,34;150
B0-04-320C-2;1;0011;70;0,34;150
B0-04-320D-1;1;0011;70;0,34;150
B0-04-320D-2;1;0011;70;0,34;150
B0-04-320X;2;0010;170;1,63;900
B0-04-320Y;3;0010;170;1,63;900
B0-04-320Z;4;0010;170;1,63;900
B0-04-321B;1;0011;120;1,15;300
B0-04-321C-1;1;0011;70;0,34;150
B0-04-321C-2;1;0011;70;0,34;150
B0-04-321D-1;1;0011;70;0,34;150
B0-04-321D-2;1;0011;70;0,34;150
B0-04-321X;2;0010;170;1,63;900
B0-04-321Y;3;0010;170;1,63;900
B0-04-321Z;4;0010;170;1,63;900
B0-04-330B;1;0011;120;1,15;300
B0-04-330C-1;1;0011;70;0,34;150
B0-04-330C-2;1;0011;70;0,34;150
B0-04-330D-1;1;0011;70;0,34;150
B0-04-330D-2;1;0011;70;0,34;150
B0-04-330X;2;0010;170;1,63;900
B0-04-330Y;3;0010;170;1,63;900
B0-04-330Z;4;0010;170;1,63;900
B0-04-331B;1;0011;120;1,15;300
B0-04-331C-1;1;0011;70;0,34;150
B0-04-331C-2;1;0011;70;0,34;150
B0-04-331D-1;1;0011;70;0,34;150
B0-04-331D-2;1;0011;70;0,34;150
B0-04-331X;2;0010;170;1,63;900
B0-04-331Y;3;0010;170;1,63;900
B0-04-331Z;4;0010;170;1,63;900
B0-04-340B;1;0011;120;1,15;300
B0-04-340C-1;1;0011;70;0,34;150
B0-04-340C-2;1;0011;70;0,34;150
B0-04-340D-1;1;0011;70;0,34;150
B0-04-340D-2;1;0011;70;0,34;150
B0-04-340X;2;0010;170;1,63;900
B0-04-340Y;3;0010;170;1,63;900
B0-04-340Z;4;0010;170;1,63;900
B0-04-341B;1;0011;120;1,15;300
B0-04-341C-1;1;0011;70;0,34;150
B0-04-341C-2;1;0011;70;0,34;150
B0-04-341D-1;1;0011;70;0,34;150
B0-04-341D-2;1;0011;70;0,34;150
B0-04-341X;2;0010;170;1,63;900
B0-04-341Y;3;0010;170;1,63;900
B0-04-341Z;4;0010;170;1,63;900
B0-04-350B;1;0011;120;1,15;300
B0-04-350C-1;1;0011;70;0,34;150
B0-04-350C-2;1;0011;70;0,34;150
B0-04-350D-1;1;0011;70;0,34;150
B0-04-350D-2;1;0011;70;0,34;150
B0-04-350X;2;0010;170;1,63;900
B0-04-350Y;3;0010;170;1,63;900
B0-04-350Z;4;0010;170;1,63;900
B0-04-351B;1;0011;120;1,15;300
B0-04-351C-1;1;0011;70;0,34;150
B0-04-351C-2;1;0011;70;0,34;150
B0-04-351D-1;1;0011;70;0,34;150
B0-04-351D-2;1;0011;70;0,34;150
B0-04-351X;2;0010;170;1,63;900
B0-04-351Y;3;0010;170;1,63;900
B0-04-351Z;4;0010;170;1,63;900
B0-04-360B;1;0011;120;1,15;300
B0-04-360C-1;1;0011;70;0,34;150
B0-04-360C-2;1;0011;70;0,34;150
B0-04-360D-1;1;0011;70;0,34;150
B0-04-360D-2;1;0011;70;0,34;150
B0-04-360X;2;0010;170;1,63;900
B0-04-360Y;3;0010;170;1,63;900
B0-04-360Z;4;0010;170;1,63;900
B0-04-361B;1;0011;120;1,15;300
B0-04-361C-1;1;0011;70;0,34;150
B0-04-361C-2;1;0011;70;0,34;150
B0-04-361D-1;1;0011;70;0,34;150
B0-04-361D-2;1;0011;70;0,34;150
B0-04-361X;2;0010;170;1,63;900
B0-04-361Y;3;0010;170;1,63;900
B0-04-361Z;4;0010;170;1,63;900
B0-04-370B;1;0011;120;1,15;300
B0-04-370C-1;1;0011;70;0,34;150
B0-04-370C-2;1;0011;70;0,34;150
B0-04-370D-1;1;0011;70;0,34;150
B0-04-370D-2;1;0011;70;0,34;150
B0-04-370X;2;0010;170;1,63;900
B0-04-370Y;3;0010;170;1,63;900
B0-04-370Z;4;0010;170;1,63;900
B0-04-371B;1;0011;120;1,15;300
B0-04-371C-1;1;0011;70;0,34;150
B0-04-371C-2;1;0011;70;0,34;150
B0-04-371D-1;1;0011;70;0,34;150
B0-04-371D-2;1;0011;70;0,34;150
B0-04-371X;2;0010;170;1,63;900
B0-04-371Y;3;0010;170;1,63;900
B0-04-371Z;4;0010;170;1,63;900
B0-04-380B;1;0011;120;1,15;300
B0-04-380C-1;1;0011;70;0,34;150
B0-04-380C-2;1;0011;70;0,34;150
B0-04-380D-1;1;0011;70;0,34;150
B0-04-380D-2;1;0011;70;0,34;150
B0-04-380X;2;0010;170;1,63;900
B0-04-380Y;3;0010;170;1,63;900
B0-04-380Z;4;0010;170;1,63;900
B0-04-381B;1;0011;120;1,15;300
B0-04-381C-1;1;0011;70;0,34;150
B0-04-381C-2;1;0011;70;0,34;150
B0-04-381D-1;1;0011;70;0,34;150
B0-04-381D-2;1;0011;70;0,34;150
B0-04-381X;2;0010;170;1,63;900
B0-04-381Y;3;0010;170;1,63;900
B0-04-381Z;4;0010;170;1,63;900
B0-04-390B;1;0011;120;1,15;300
B0-04-390C-1;1;0011;70;0,34;150
B0-04-390C-2;1;0011;70;0,34;150
B0-04-390D-1;1;0011;70;0,34;150
B0-04-390D-2;1;0011;70;0,34;150
B0-04-390X;2;0010;170;1,63;900
B0-04-390Y;3;0010;170;1,63;900
B0-04-390Z;4;0010;170;1,63;900
B0-04-391B;1;0011;120;1,15;300
B0-04-391C-1;1;0011;70;0,34;150
B0-04-391C-2;1;0011;70;0,34;150
B0-04-391D-1;1;0011;70;0,34;150
B0-04-391D-2;1;0011;70;0,34;150
B0-04-391X;2;0010;170;1,63;900
B0-04-391Y;3;0010;170;1,63;900
B0-04-391Z;4;0010;170;1,63;900
B0-04-400B;1;0011;120;1,15;300
B0-04-400C-1;1;0011;70;0,34;150
B0-04-400C-2;1;0011;70;0,34;150
B0-04-400D;1;0011;70;0,67;300
B0-04-400D-1;1;0011;70;0,34;150
B0-04-400D-2;1;0011;70;0,34;150
B0-04-400X;2;0010;170;1,63;900
B0-04-400Y;3;0010;170;1,63;900
B0-04-400Z;4;0010;170;1,63;900
B0-04-401B;1;0011;120;1,15;300
B0-04-401C-1;1;0011;70;0,34;150
B0-04-401C-2;1;0011;70;0,34;150
B0-04-401D-1;1;0011;70;0,34;150
B0-04-401D-2;1;0011;70;0,34;150
B0-04-401X;2;0010;170;1,63;900
B0-04-401Y;3;0010;170;1,63;900
B0-04-401Z;4;0010;170;1,63;900
B0-04-410B;1;0011;120;1,15;300
B0-04-410C-1;1;0011;70;0,34;150
B0-04-410C-2;1;0011;70;0,34;150
B0-04-410D-1;1;0011;70;0,34;150
B0-04-410D-2;1;0011;70;0,34;150
B0-04-410X;2;0010;170;1,63;900
B0-04-410Y;3;0010;170;1,63;900
B0-04-410Z;4;0010;170;1,63;900
B0-04-411B;1;0011;120;1,15;300
B0-04-411C-1;1;0011;70;0,34;150
B0-04-411C-2;1;0011;70;0,34;150
B0-04-411D-1;1;0011;70;0,34;150
B0-04-411D-2;1;0011;70;0,34;150
B0-04-411X;2;0010;170;1,63;900
B0-04-411Y;3;0010;170;1,63;900
B0-04-411Z;4;0010;170;1,63;900
B0-04-420B;1;0011;120;1,15;300
B0-04-420C-1;1;0011;70;0,34;150
B0-04-420C-2;1;0011;70;0,34;150
B0-04-420D-1;1;0011;70;0,34;150
B0-04-420D-2;1;0011;70;0,34;150
B0-04-420X;2;0010;170;1,63;900
B0-04-420Y;3;0010;170;1,63;900
B0-04-420Z;4;0010;170;1,63;900
B0-04-421B;1;0011;120;1,15;300
B0-04-421C-1;1;0011;70;0,34;150
B0-04-421C-2;1;0011;70;0,34;150
B0-04-421D-1;1;0011;70;0,34;150
B0-04-421D-2;1;0011;70;0,34;150
B0-04-421X;2;0010;170;1,63;900
B0-04-421Y;3;0010;170;1,63;900
B0-04-421Z;4;0010;170;1,63;900
B0-05-100A;1;0052;150;1,44;1000
B0-05-100X;2;0010;170;1,63;900
B0-05-100Y;3;0010;170;1,63;900
B0-05-100Z;4;0010;170;1,63;900
B0-05-101A;1;0052;150;1,44;1000
B0-05-101X;2;0010;170;1,63;900
B0-05-101Y;3;0010;170;1,63;900
B0-05-101Z;4;0010;170;1,63;900
B0-05-102A;1;0052;150;1,44;1000
B0-05-102X;2;0010;170;1,63;900
B0-05-102Y;3;0010;170;1,63;900
B0-05-102Z;4;0010;170;1,63;900
B0-05-110A;1;0052;150;1,44;1000
B0-05-110X;2;0010;170;1,63;900
B0-05-110Y;3;0010;170;1,63;900
B0-05-110Z;4;0010;170;1,63;900
B0-05-111A;1;0052;150;1,44;1000
B0-05-111X;2;0010;170;1,63;900
B0-05-111Y;3;0010;170;1,63;900
B0-05-111Z;4;0010;170;1,63;900
B0-05-112A;1;0052;150;1,44;1000
B0-05-112X;2;0010;170;1,63;900
B0-05-112Y;3;0010;170;1,63;900
B0-05-112Z;4;0010;170;1,63;900
B0-05-120A;1;0052;150;1,44;1000
B0-05-120X;2;0010;170;1,63;900
B0-05-120Y;3;0010;170;1,63;900
B0-05-120Z;4;0010;170;1,63;900
B0-05-121A;1;0052;150;1,44;1000
B0-05-121X;2;0010;170;1,63;900
B0-05-121Y;3;0010;170;1,63;900
B0-05-121Z;4;0010;170;1,63;900
B0-05-122A;1;0052;150;1,44;1000
B0-05-122X;2;0010;170;1,63;900
B0-05-122Y;3;0010;170;1,63;900
B0-05-122Z;4;0010;170;1,63;900
B0-05-130A;1;0052;150;1,44;1000
B0-05-130X;2;0010;170;1,63;900
B0-05-130Y;3;0010;170;1,63;900
B0-05-130Z;4;0010;170;1,63;900
B0-05-131A;1;0052;150;1,44;1000
B0-05-131X;2;0010;170;1,63;900
B0-05-131Y;3;0010;170;1,63;900
B0-05-131Z;4;0010;170;1,63;900
B0-05-132A;1;0050;150;1,44;1000
B0-05-132X;2;0010;170;1,63;900
B0-05-132Y;3;0010;170;1,63;900
B0-05-132Z;4;0010;170;1,63;900
B0-05-140A;1;0052;150;1,44;1000
B0-05-140X;2;0010;170;1,63;900
B0-05-140Y;3;0010;170;1,63;900
B0-05-140Z;4;0010;170;1,63;900
B0-05-141A;1;0052;150;1,44;1000
B0-05-141X;2;0010;170;1,63;900
B0-05-141Y;3;0010;170;1,63;900
B0-05-141Z;4;0010;170;1,63;900
B0-05-142A;1;0052;150;1,44;1000
B0-05-142X;2;0010;170;1,63;900
B0-05-142Y;3;0010;170;1,63;900
B0-05-142Z;4;0010;170;1,63;900
B0-05-150A;1;0052;150;1,44;1000
B0-05-150X;2;0010;170;1,63;900
B0-05-150Y;3;0010;170;1,63;900
B0-05-150Z;4;0010;170;1,63;900
B0-05-151A;1;0052;150;1,44;1000
B0-05-151X;2;0010;170;1,63;900
B0-05-151Y;3;0010;170;1,63;900
B0-05-151Z;4;0010;170;1,63;900
B0-05-152A;1;0052;150;1,44;1000
B0-05-152X;2;0010;170;1,63;900
B0-05-152Y;3;0010;170;1,63;900
B0-05-152Z;4;0010;170;1,63;900
B0-05-160A;1;0052;150;1,44;1000
B0-05-160X;2;0010;170;1,63;900
B0-05-160Y;3;0010;170;1,63;900
B0-05-160Z;4;0010;170;1,63;900
B0-05-161A;1;0052;150;1,44;1000
B0-05-161X;2;0010;170;1,63;900
B0-05-161Y;3;0010;170;1,63;900
B0-05-161Z;4;0010;170;1,63;900
B0-05-162A;1;0052;150;1,44;1000
B0-05-162X;2;0010;170;1,63;900
B0-05-162Y;3;0010;170;1,63;900
B0-05-162Z;4;0010;170;1,63;900
B0-05-170A;1;0052;150;1,44;1000
B0-05-170X;2;0010;170;1,63;900
B0-05-170Y;3;0010;170;1,63;900
B0-05-170Z;4;0010;170;1,63;900
B0-05-171A;1;0052;150;1,44;1000
B0-05-171X;2;0010;170;1,63;900
B0-05-171Y;3;0010;170;1,63;900
B0-05-171Z;4;0010;170;1,63;900
B0-05-172A;1;0052;150;1,44;1000
B0-05-172X;2;0010;170;1,63;900
B0-05-172Y;3;0010;170;1,63;900
B0-05-172Z;4;0010;170;1,63;900
B0-05-180A;1;0052;150;1,44;1000
B0-05-180X;2;0010;170;1,63;900
B0-05-180Y;3;0010;170;1,63;900
B0-05-180Z;4;0010;170;1,63;900
B0-05-181A;1;0052;150;1,44;1000
B0-05-181X;2;0010;170;1,63;900
B0-05-181Y;3;0010;170;1,63;900
B0-05-181Z;4;0010;170;1,63;900
B0-05-182A;1;0052;150;1,44;1000
B0-05-182X;2;0010;170;1,63;900
B0-05-182Y;3;0010;170;1,63;900
B0-05-182Z;4;0010;170;1,63;900
B0-05-190A;1;0052;150;1,44;1000
B0-05-190X;2;0010;170;1,63;900
B0-05-190Y;3;0010;170;1,63;900
B0-05-190Z;4;0010;170;1,63;900
B0-05-191A;1;0050;150;1,44;1000
B0-05-191X;2;0010;170;1,63;900
B0-05-191Y;3;0010;170;1,63;900
B0-05-191Z;4;0010;170;1,63;900
B0-05-192A;1;0052;150;1,44;1000
B0-05-192X;2;0010;170;1,63;900
B0-05-192Y;3;0010;170;1,63;900
B0-05-192Z;4;0010;170;1,63;900
B0-05-200A;1;0052;150;1,44;1000
B0-05-200X;2;0010;170;1,63;900
B0-05-200Y;3;0010;170;1,63;900
B0-05-200Z;4;0010;170;1,63;900
B0-05-201A;1;0052;150;1,44;1000
B0-05-201X;2;0010;170;1,63;900
B0-05-201Y;3;0010;170;1,63;900
B0-05-201Z;4;0010;170;1,63;900
B0-05-202A;1;0052;150;1,44;1000
B0-05-202X;2;0010;170;1,63;900
B0-05-202Y;3;0010;170;1,63;900
B0-05-202Z;4;0010;170;1,63;900
B0-05-210A;1;0052;150;1,44;1000
B0-05-210X;2;0010;170;1,63;900
B0-05-210Y;3;0010;170;1,63;900
B0-05-210Z;4;0010;170;1,63;900
B0-05-211A;1;0052;150;1,44;1000
B0-05-211X;2;0010;170;1,63;900
B0-05-211Y;3;0010;170;1,63;900
B0-05-211Z;4;0010;170;1,63;900
B0-05-212A;1;0052;150;1,44;1000
B0-05-212X;2;0010;170;1,63;900
B0-05-212Y;3;0010;170;1,63;900
B0-05-212Z;4;0010;170;1,63;900
B0-05-220A;1;0052;150;1,44;1000
B0-05-220X;2;0010;170;1,63;900
B0-05-220Y;3;0010;170;1,63;900
B0-05-220Z;4;0010;170;1,63;900
B0-05-221A;1;0052;150;1,44;1000
B0-05-221X;2;0010;170;1,63;900
B0-05-221Y;3;0010;170;1,63;900
B0-05-221Z;4;0010;170;1,63;900
B0-05-222A;1;0052;150;1,44;1000
B0-05-222X;2;0010;170;1,63;900
B0-05-222Y;3;0010;170;1,63;900
B0-05-222Z;4;0010;170;1,63;900
B0-05-230A;1;0052;150;1,44;1000
B0-05-230X;2;0010;170;1,63;900
B0-05-230Y;3;0010;170;1,63;900
B0-05-230Z;4;0010;170;1,63;900
B0-05-231A;1;0052;150;1,44;1000
B0-05-231X;2;0010;170;1,63;900
B0-05-231Y;3;0010;170;1,63;900
B0-05-231Z;4;0010;170;1,63;900
B0-05-232A;1;0052;150;1,44;1000
B0-05-232X;2;0010;170;1,63;900
B0-05-232Y;3;0010;170;1,63;900
B0-05-232Z;4;0010;170;1,63;900
B0-05-240A;1;0052;150;1,44;1000
B0-05-240X;2;0010;170;1,63;900
B0-05-240Y;3;0010;170;1,63;900
B0-05-240Z;4;0010;170;1,63;900
B0-05-241A;1;0052;150;1,44;1000
B0-05-241X;2;0010;170;1,63;900
B0-05-241Y;3;0010;170;1,63;900
B0-05-241Z;4;0010;170;1,63;900
B0-05-242A;1;0052;150;1,44;1000
B0-05-242X;2;0010;170;1,63;900
B0-05-242Y;3;0010;170;1,63;900
B0-05-242Z;4;0010;170;1,63;900
B0-05-250A;1;0050;150;1,44;1000
B0-05-250X;2;0010;170;1,63;900
B0-05-250Y;3;0010;170;1,63;900
B0-05-250Z;4;0010;170;1,63;900
B0-05-251A;1;0052;150;1,44;1000
B0-05-251X;2;0010;170;1,63;900
B0-05-251Y;3;0010;170;1,63;900
B0-05-251Z;4;0010;170;1,63;900
B0-05-252A;1;0052;150;1,44;1000
B0-05-252X;2;0010;170;1,63;900
B0-05-252Y;3;0010;170;1,63;900
B0-05-252Z;4;0010;170;1,63;900
B0-05-260A;1;0052;150;1,44;1000
B0-05-260X;2;0010;170;1,63;900
B0-05-260Y;3;0010;170;1,63;900
B0-05-260Z;4;0010;170;1,63;900
B0-05-261A;1;0052;150;1,44;1000
B0-05-261X;2;0010;170;1,63;900
B0-05-261Y;3;0010;170;1,63;900
B0-05-261Z;4;0010;170;1,63;900
B0-05-262A;1;0052;150;1,44;1000
B0-05-262X;2;0010;170;1,63;900
B0-05-262Y;3;0010;170;1,63;900
B0-05-262Z;4;0010;170;1,63;900
B0-05-270A;1;0052;150;1,44;1000
B0-05-270X;2;0010;170;1,63;900
B0-05-270Y;3;0010;170;1,63;900
B0-05-270Z;4;0010;170;1,63;900
B0-05-271A;1;0052;150;1,44;1000
B0-05-271X;2;0010;170;1,63;900
B0-05-271Y;3;0010;170;1,63;900
B0-05-271Z;4;0010;170;1,63;900
B0-05-272A;1;0052;150;1,44;1000
B0-05-272X;2;0010;170;1,63;900
B0-05-272Y;3;0010;170;1,63;900
B0-05-272Z;4;0010;170;1,63;900
B0-05-280A;1;0052;150;1,44;1000
B0-05-280X;2;0010;170;1,63;900
B0-05-280Y;3;0010;170;1,63;900
B0-05-280Z;4;0010;170;1,63;900
B0-05-281A;1;0052;150;1,44;1000
B0-05-281X;2;0010;170;1,63;900
B0-05-281Y;3;0010;170;1,63;900
B0-05-281Z;4;0010;170;1,63;900
B0-05-282A;1;0052;150;1,44;1000
B0-05-282X;2;0010;170;1,63;900
B0-05-282Y;3;0010;170;1,63;900
B0-05-282Z;4;0010;170;1,63;900
B0-05-290A;1;0052;150;1,44;1000
B0-05-290X;2;0010;170;1,63;900
B0-05-290Y;3;0010;170;1,63;900
B0-05-290Z;4;0010;170;1,63;900
B0-05-291A;1;0052;150;1,44;1000
B0-05-291X;2;0010;170;1,63;900
B0-05-291Y;3;0010;170;1,63;900
B0-05-291Z;4;0010;170;1,63;900
B0-05-292A;1;0052;150;1,44;1000
B0-05-292X;2;0010;170;1,63;900
B0-05-292Y;3;0010;170;1,63;900
B0-05-292Z;4;0010;170;1,63;900
B0-05-300A;1;0052;150;1,44;1000
B0-05-300X;2;0010;170;1,63;900
B0-05-300Y;3;0010;170;1,63;900
B0-05-300Z;4;0010;170;1,63;900
B0-05-301A;1;0052;150;1,44;1000
B0-05-301X;2;0010;170;1,63;900
B0-05-301Y;3;0010;170;1,63;900
B0-05-301Z;4;0010;170;1,63;900
B0-05-302A;1;0050;150;1,44;1000
B0-05-302X;2;0010;170;1,63;900
B0-05-302Y;3;0010;170;1,63;900
B0-05-302Z;4;0010;170;1,63;900
B0-05-310A;1;0052;150;1,44;1000
B0-05-310X;2;0010;170;1,63;900
B0-05-310Y;3;0010;170;1,63;900
B0-05-310Z;4;0010;170;1,63;900
B0-05-311A;1;0052;150;1,44;1000
B0-05-311X;2;0010;170;1,63;900
B0-05-311Y;3;0010;170;1,63;900
B0-05-311Z;4;0010;170;1,63;900
B0-05-312A;1;0052;150;1,44;1000
B0-05-312X;2;0010;170;1,63;900
B0-05-312Y;3;0010;170;1,63;900
B0-05-312Z;4;0010;170;1,63;900
B0-05-320A;1;0052;150;1,44;1000
B0-05-320X;2;0010;170;1,63;900
B0-05-320Y;3;0010;170;1,63;900
B0-05-320Z;4;0010;170;1,63;900
B0-05-321A;1;0052;150;1,44;1000
B0-05-321X;2;0010;170;1,63;900
B0-05-321Y;3;0010;170;1,63;900
B0-05-321Z;4;0010;170;1,63;900
B0-05-322A;1;0052;150;1,44;1000
B0-05-322X;2;0010;170;1,63;900
B0-05-322Y;3;0010;170;1,63;900
B0-05-322Z;4;0010;170;1,63;900
B0-05-330A;1;0052;150;1,44;1000
B0-05-330X;2;0010;170;1,63;900
B0-05-330Y;3;0010;170;1,63;900
B0-05-330Z;4;0010;170;1,63;900
B0-05-331A;1;0052;150;1,44;1000
B0-05-331X;2;0010;170;1,63;900
B0-05-331Y;3;0010;170;1,63;900
B0-05-331Z;4;0010;170;1,63;900
B0-05-332A;1;0052;150;1,44;1000
B0-05-332X;2;0010;170;1,63;900
B0-05-332Y;3;0010;170;1,63;900
B0-05-332Z;4;0010;170;1,63;900
B0-05-340A;1;0052;150;1,44;1000
B0-05-340X;2;0010;170;1,63;900
B0-05-340Y;3;0010;170;1,63;900
B0-05-340Z;4;0010;170;1,63;900
B0-05-341A;1;0052;150;1,44;1000
B0-05-341X;2;0010;170;1,63;900
B0-05-341Y;3;0010;170;1,63;900
B0-05-341Z;4;0010;170;1,63;900
B0-05-342A;1;0052;150;1,44;1000
B0-05-342X;2;0010;170;1,63;900
B0-05-342Y;3;0010;170;1,63;900
B0-05-342Z;4;0010;170;1,63;900
B0-05-350A;1;0052;150;1,44;1000
B0-05-350X;2;0010;170;1,63;900
B0-05-350Y;3;0010;170;1,63;900
B0-05-350Z;4;0010;170;1,63;900
B0-05-351A;1;0052;150;1,44;1000
B0-05-351X;2;0010;170;1,63;900
B0-05-351Y;3;0010;170;1,63;900
B0-05-351Z;4;0010;170;1,63;900
B0-05-352A;1;0052;150;1,44;1000
B0-05-352X;2;0010;170;1,63;900
B0-05-352Y;3;0010;170;1,63;900
B0-05-352Z;4;0010;170;1,63;900
B0-05-360A;1;0052;150;1,44;1000
B0-05-360X;2;0010;170;1,63;900
B0-05-360Y;3;0010;170;1,63;900
B0-05-360Z;4;0010;170;1,63;900
B0-05-361A;1;0050;150;1,44;1000
B0-05-361X;2;0010;170;1,63;900
B0-05-361Y;3;0010;170;1,63;900
B0-05-361Z;4;0010;170;1,63;900
B0-05-362A;1;0052;150;1,44;1000
B0-05-362X;2;0010;170;1,63;900
B0-05-362Y;3;0010;170;1,63;900
B0-05-362Z;4;0010;170;1,63;900
B0-07-100B;1;0011;120;1,15;300
B0-07-100C-1;1;0011;70;0,34;150
B0-07-100C-2;1;0011;70;0,34;150
B0-07-100D-1;1;0011;70;0,34;150
B0-07-100D-2;1;0011;70;0,34;150
B0-07-100X;2;0010;170;1,63;900
B0-07-100Y;3;0010;170;1,63;900
B0-07-100Z;4;0010;170;1,63;900
B0-07-101B;1;0011;120;1,15;300
B0-07-101C-1;1;0011;70;0,34;150
B0-07-101C-2;1;0011;70;0,34;150
B0-07-101D-1;1;0011;70;0,34;150
B0-07-101D-2;1;0011;70;0,34;150
B0-07-101X;2;0010;170;1,63;900
B0-07-101Y;3;0010;170;1,63;900
B0-07-101Z;4;0010;170;1,63;900
B0-07-102B;1;0011;120;1,15;300
B0-07-102C-1;1;0011;70;0,34;150
B0-07-102C-2;1;0011;70;0,34;150
B0-07-102D-1;1;0011;70;0,34;150
B0-07-102D-2;1;0011;70;0,34;150
B0-07-102X;2;0010;170;1,63;900
B0-07-102Y;3;0010;170;1,63;900
B0-07-102Z;4;0010;170;1,63;900
B0-07-110B;1;0011;120;1,15;300
B0-07-110C-1;1;0011;70;0,34;150
B0-07-110C-2;1;0011;70;0,34;150
B0-07-110D-1;1;0011;70;0,34;150
B0-07-110D-2;1;0011;70;0,34;150
B0-07-110X;2;0010;170;1,63;900
B0-07-110Y;3;0010;170;1,63;900
B0-07-110Z;4;0010;170;1,63;900
B0-07-111B;1;0011;120;1,15;300
B0-07-111C-1;1;0011;70;0,34;150
B0-07-111C-2;1;0011;70;0,34;150
B0-07-111D-1;1;0011;70;0,34;150
B0-07-111D-2;1;0011;70;0,34;150
B0-07-111X;2;0010;170;1,63;900
B0-07-111Y;3;0010;170;1,63;900
B0-07-111Z;4;0010;170;1,63;900
B0-07-112B;1;0011;120;1,15;300
B0-07-112C-1;1;0011;70;0,34;150
B0-07-112C-2;1;0011;70;0,34;150
B0-07-112D-1;1;0011;70;0,34;150
B0-07-112D-2;1;0011;70;0,34;150
B0-07-112X;2;0010;170;1,63;900
B0-07-112Y;3;0010;170;1,63;900
B0-07-112Z;4;0010;170;1,63;900
B0-07-120B;1;0011;120;1,15;300
B0-07-120C-1;1;0011;70;0,34;150
B0-07-120C-2;1;0011;70;0,34;150
B0-07-120D-1;1;0011;70;0,34;150
B0-07-120D-2;1;0011;70;0,34;150
B0-07-120X;2;0010;170;1,63;900
B0-07-120Y;3;0010;170;1,63;900
B0-07-120Z;4;0010;170;1,63;900
B0-07-121B;1;0011;120;1,15;300
B0-07-121C-1;1;0011;70;0,34;150
B0-07-121C-2;1;0011;70;0,34;150
B0-07-121D-1;1;0011;70;0,34;150
B0-07-121D-2;1;0011;70;0,34;150
B0-07-121X;2;0010;170;1,63;900
B0-07-121Y;3;0010;170;1,63;900
B0-07-121Z;4;0010;170;1,63;900
B0-07-122B;1;0011;120;1,15;300
B0-07-122C-1;1;0011;70;0,34;150
B0-07-122C-2;1;0011;70;0,34;150
B0-07-122D-1;1;0011;70;0,34;150
B0-07-122D-2;1;0011;70;0,34;150
B0-07-122X;2;0010;170;1,63;900
B0-07-122Y;3;0010;170;1,63;900
B0-07-122Z;4;0010;170;1,63;900
B0-07-130B;1;0011;120;1,15;300
B0-07-130C-1;1;0011;70;0,34;150
B0-07-130C-2;1;0011;70;0,34;150
B0-07-130D-1;1;0011;70;0,34;150
B0-07-130D-2;1;0011;70;0,34;150
B0-07-130X;2;0010;170;1,63;900
B0-07-130Y;3;0010;170;1,63;900
B0-07-130Z;4;0010;170;1,63;900
B0-07-131B;1;0011;120;1,15;300
B0-07-131C-1;1;0011;70;0,34;150
B0-07-131C-2;1;0011;70;0,34;150
B0-07-131D-1;1;0011;70;0,34;150
B0-07-131D-2;1;0011;70;0,34;150
B0-07-131X;2;0010;170;1,63;900
B0-07-131Y;3;0010;170;1,63;900
B0-07-131Z;4;0010;170;1,63;900
B0-07-132B;1;0011;120;1,15;300
B0-07-132C-1;1;0011;70;0,34;150
B0-07-132C-2;1;0011;70;0,34;150
B0-07-132D-1;1;0011;70;0,34;150
B0-07-132D-2;1;0011;70;0,34;150
B0-07-132X;2;0010;170;1,63;900
B0-07-132Y;3;0010;170;1,63;900
B0-07-132Z;4;0010;170;1,63;900
B0-07-140B;1;0011;120;1,15;300
B0-07-140C-1;1;0011;70;0,34;150
B0-07-140C-2;1;0011;70;0,34;150
B0-07-140D-1;1;0011;70;0,34;150
B0-07-140D-2;1;0011;70;0,34;150
B0-07-140X;2;0010;170;1,63;900
B0-07-140Y;3;0010;170;1,63;900
B0-07-140Z;4;0010;170;1,63;900
B0-07-141B;1;0011;120;1,15;300
B0-07-141C-1;1;0011;70;0,34;150
B0-07-141C-2;1;0011;70;0,34;150
B0-07-141D-1;1;0011;70;0,34;150
B0-07-141D-2;1;0011;70;0,34;150
B0-07-141X;2;0010;170;1,63;900
B0-07-141Y;3;0010;170;1,63;900
B0-07-141Z;4;0010;170;1,63;900
B0-07-142B;1;0011;120;1,15;300
B0-07-142C-1;1;0011;70;0,34;150
B0-07-142C-2;1;0011;70;0,34;150
B0-07-142D-1;1;0011;70;0,34;150
B0-07-142D-2;1;0011;70;0,34;150
B0-07-142X;2;0010;170;1,63;900
B0-07-142Y;3;0010;170;1,63;900
B0-07-142Z;4;0010;170;1,63;900
B0-07-150B;1;0011;120;1,15;300
B0-07-150C-1;1;0011;70;0,34;150
B0-07-150C-2;1;0011;70;0,34;150
B0-07-150D-1;1;0011;70;0,34;150
B0-07-150D-2;1;0011;70;0,34;150
B0-07-150X;2;0010;170;1,63;900
B0-07-150Y;3;0010;170;1,63;900
B0-07-150Z;4;0010;170;1,63;900
B0-07-151B;1;0011;120;1,15;300
B0-07-151C-1;1;0011;70;0,34;150
B0-07-151C-2;1;0011;70;0,34;150
B0-07-151D-1;1;0011;70;0,34;150
B0-07-151D-2;1;0011;70;0,34;150
B0-07-151X;2;0010;170;1,63;900
B0-07-151Y;3;0010;170;1,63;900
B0-07-151Z;4;0010;170;1,63;900
B0-07-152B;1;0011;120;1,15;300
B0-07-152C-1;1;0011;70;0,34;150
B0-07-152C-2;1;0011;70;0,34;150
B0-07-152D-1;1;0011;70;0,34;150
B0-07-152D-2;1;0011;70;0,34;150
B0-07-152X;2;0010;170;1,63;900
B0-07-152Y;3;0010;170;1,63;900
B0-07-152Z;4;0010;170;1,63;900
B0-07-160B;1;0011;120;1,15;300
B0-07-160C-1;1;0011;70;0,34;150
B0-07-160C-2;1;0011;70;0,34;150
B0-07-160D-1;1;0011;70;0,34;150
B0-07-160D-2;1;0011;70;0,34;150
B0-07-160X;2;0010;170;1,63;900
B0-07-160Y;3;0010;170;1,63;900
B0-07-160Z;4;0010;170;1,63;900
B0-07-161B;1;0011;120;1,15;300
B0-07-161C-1;1;0011;70;0,34;150
B0-07-161C-2;1;0011;70;0,34;150
B0-07-161D-1;1;0011;70;0,34;150
B0-07-161D-2;1;0011;70;0,34;150
B0-07-161X;2;0010;170;1,63;900
B0-07-161Y;3;0010;170;1,63;900
B0-07-161Z;4;0010;170;1,63;900
B0-07-162B;1;0011;120;1,15;300
B0-07-162C-1;1;0011;70;0,34;150
B0-07-162C-2;1;0011;70;0,34;150
B0-07-162D-1;1;0011;70;0,34;150
B0-07-162D-2;1;0011;70;0,34;150
B0-07-162X;2;0010;170;1,63;900
B0-07-162Y;3;0010;170;1,63;900
B0-07-162Z;4;0010;170;1,63;900
B0-07-170B;1;0011;120;1,15;300
B0-07-170C-1;1;0011;70;0,34;150
B0-07-170C-2;1;0011;70;0,34;150
B0-07-170D-1;1;0011;70;0,34;150
B0-07-170D-2;1;0011;70;0,34;150
B0-07-170X;2;0010;170;1,63;900
B0-07-170Y;3;0010;170;1,63;900
B0-07-170Z;4;0010;170;1,63;900
B0-07-171B;1;0011;120;1,15;300
B0-07-171C-1;1;0011;70;0,34;150
B0-07-171C-2;1;0011;70;0,34;150
B0-07-171D-1;1;0011;70;0,34;150
B0-07-171D-2;1;0011;70;0,34;150
B0-07-171X;2;0010;170;1,63;900
B0-07-171Y;3;0010;170;1,63;900
B0-07-171Z;4;0010;170;1,63;900
B0-07-172B;1;0011;120;1,15;300
B0-07-172C-1;1;0011;70;0,34;150
B0-07-172C-2;1;0011;70;0,34;150
B0-07-172D-1;1;0011;70;0,34;150
B0-07-172D-2;1;0011;70;0,34;150
B0-07-172X;2;0010;170;1,63;900
B0-07-172Y;3;0010;170;1,63;900
B0-07-172Z;4;0010;170;1,63;900
B0-07-180B;1;0011;120;1,15;300
B0-07-180C-1;1;0011;70;0,34;150
B0-07-180C-2;1;0011;70;0,34;150
B0-07-180D-1;1;0011;70;0,34;150
B0-07-180D-2;1;0011;70;0,34;150
B0-07-180X;2;0010;170;1,63;900
B0-07-180Y;3;0010;170;1,63;900
B0-07-180Z;4;0010;170;1,63;900
B0-07-181B;1;0011;120;1,15;300
B0-07-181C-1;1;0011;70;0,34;150
B0-07-181C-2;1;0011;70;0,34;150
B0-07-181D-1;1;0011;70;0,34;150
B0-07-181D-2;1;0011;70;0,34;150
B0-07-181X;2;0010;170;1,63;900
B0-07-181Y;3;0010;170;1,63;900
B0-07-181Z;4;0010;170;1,63;900
B0-07-182B;1;0011;120;1,15;300
B0-07-182C-1;1;0011;70;0,34;150
B0-07-182C-2;1;0011;70;0,34;150
B0-07-182D-1;1;0011;70;0,34;150
B0-07-182D-2;1;0011;70;0,34;150
B0-07-182X;2;0010;170;1,63;900
B0-07-182Y;3;0010;170;1,63;900
B0-07-182Z;4;0010;170;1,63;900
B0-07-190B;1;0011;120;1,15;300
B0-07-190C-1;1;0011;70;0,34;150
B0-07-190C-2;1;0011;70;0,34;150
B0-07-190D-1;1;0011;70;0,34;150
B0-07-190D-2;1;0011;70;0,34;150
B0-07-190X;2;0010;170;1,63;900
B0-07-190Y;3;0010;170;1,63;900
B0-07-190Z;4;0010;170;1,63;900
B0-07-191B;1;0011;120;1,15;300
B0-07-191C-1;1;0011;70;0,34;150
B0-07-191C-2;1;0011;70;0,34;150
B0-07-191D-1;1;0011;70;0,34;150
B0-07-191D-2;1;0011;70;0,34;150
B0-07-191X;2;0010;170;1,63;900
B0-07-191Y;3;0010;170;1,63;900
B0-07-191Z;4;0010;170;1,63;900
B0-07-192B;1;0011;120;1,15;300
B0-07-192C-1;1;0011;70;0,34;150
B0-07-192C-2;1;0011;70;0,34;150
B0-07-192D-1;1;0011;70;0,34;150
B0-07-192D-2;1;0011;70;0,34;150
B0-07-192X;2;0010;170;1,63;900
B0-07-192Y;3;0010;170;1,63;900
B0-07-192Z;4;0010;170;1,63;900
B0-07-200B;1;0011;120;1,15;300
B0-07-200C-1;1;0011;70;0,34;150
B0-07-200C-2;1;0011;70;0,34;150
B0-07-200D-1;1;0011;70;0,34;150
B0-07-200D-2;1;0011;70;0,34;150
B0-07-200X;2;0010;170;1,63;900
B0-07-200Y;3;0010;170;1,63;900
B0-07-200Z;4;0010;170;1,63;900
B0-07-201B;1;0011;120;1,15;300
B0-07-201C-1;1;0011;70;0,34;150
B0-07-201C-2;1;0011;70;0,34;150
B0-07-201D-1;1;0011;70;0,34;150
B0-07-201D-2;1;0011;70;0,34;150
B0-07-201X;2;0010;170;1,63;900
B0-07-201Y;3;0010;170;1,63;900
B0-07-201Z;4;0010;170;1,63;900
B0-07-202B;1;0011;120;1,15;300
B0-07-202C-1;1;0011;70;0,34;150
B0-07-202C-2;1;0011;70;0,34;150
B0-07-202D-1;1;0011;70;0,34;150
B0-07-202D-2;1;0011;70;0,34;150
B0-07-202X;2;0010;170;1,63;900
B0-07-202Y;3;0010;170;1,63;900
B0-07-202Z;4;0010;170;1,63;900
B0-07-210B;1;0011;120;1,15;300
B0-07-210C-1;1;0011;70;0,34;150
B0-07-210C-2;1;0011;70;0,34;150
B0-07-210D-1;1;0011;70;0,34;150
B0-07-210D-2;1;0011;70;0,34;150
B0-07-210X;2;0010;170;1,63;900
B0-07-210Y;3;0010;170;1,63;900
B0-07-210Z;4;0010;170;1,63;900
B0-07-211B;1;0011;120;1,15;300
B0-07-211C-1;1;0011;70;0,34;150
B0-07-211C-2;1;0011;70;0,34;150
B0-07-211D-1;1;0011;70;0,34;150
B0-07-211D-2;1;0011;70;0,34;150
B0-07-211X;2;0010;170;1,63;900
B0-07-211Y;3;0010;170;1,63;900
B0-07-211Z;4;0010;170;1,63;900
B0-07-212B;1;0011;120;1,15;300
B0-07-212C-1;1;0011;70;0,34;150
B0-07-212C-2;1;0011;70;0,34;150
B0-07-212D-1;1;0011;70;0,34;150
B0-07-212D-2;1;0011;70;0,34;150
B0-07-212X;2;0010;170;1,63;900
B0-07-212Y;3;0010;170;1,63;900
B0-07-212Z;4;0010;170;1,63;900
B0-07-220B;1;0011;120;1,15;300
B0-07-220C-1;1;0011;70;0,34;150
B0-07-220C-2;1;0011;70;0,34;150
B0-07-220D-1;1;0011;70;0,34;150
B0-07-220D-2;1;0011;70;0,34;150
B0-07-220X;2;0010;170;1,63;900
B0-07-220Y;3;0010;170;1,63;900
B0-07-220Z;4;0010;170;1,63;900
B0-07-221B;1;0011;120;1,15;300
B0-07-221C-1;1;0011;70;0,34;150
B0-07-221C-2;1;0011;70;0,34;150
B0-07-221D-1;1;0011;70;0,34;150
B0-07-221D-2;1;0011;70;0,34;150
B0-07-221X;2;0010;170;1,63;900
B0-07-221Y;3;0010;170;1,63;900
B0-07-221Z;4;0010;170;1,63;900
B0-07-222B;1;0011;120;1,15;300
B0-07-222C-1;1;0011;70;0,34;150
B0-07-222C-2;1;0011;70;0,34;150
B0-07-222D-1;1;0011;70;0,34;150
B0-07-222D-2;1;0011;70;0,34;150
B0-07-222X;2;0010;170;1,63;900
B0-07-222Y;3;0010;170;1,63;900
B0-07-222Z;4;0010;170;1,63;900
B0-07-230B;1;0011;120;1,15;300
B0-07-230C-1;1;0011;70;0,34;150
B0-07-230C-2;1;0011;70;0,34;150
B0-07-230D-1;1;0011;70;0,34;150
B0-07-230D-2;1;0011;70;0,34;150
B0-07-230X;2;0010;170;1,63;900
B0-07-230Y;3;0010;170;1,63;900
B0-07-230Z;4;0010;170;1,63;900
B0-07-231B;1;0011;120;1,15;300
B0-07-231C-1;1;0011;70;0,34;150
B0-07-231C-2;1;0011;70;0,34;150
B0-07-231D-1;1;0011;70;0,34;150
B0-07-231D-2;1;0011;70;0,34;150
B0-07-231X;2;0010;170;1,63;900
B0-07-231Y;3;0010;170;1,63;900
B0-07-231Z;4;0010;170;1,63;900
B0-07-232B;1;0011;120;1,15;300
B0-07-232C-1;1;0011;70;0,34;150
B0-07-232C-2;1;0011;70;0,34;150
B0-07-232D-1;1;0011;70;0,34;150
B0-07-232D-2;1;0011;70;0,34;150
B0-07-232X;2;0010;170;1,63;900
B0-07-232Y;3;0010;170;1,63;900
B0-07-232Z;4;0010;170;1,63;900
B0-07-240B;1;0011;120;1,15;300
B0-07-240C-1;1;0011;70;0,34;150
B0-07-240C-2;1;0011;70;0,34;150
B0-07-240D-1;1;0011;70;0,34;150
B0-07-240D-2;1;0011;70;0,34;150
B0-07-240X;2;0010;170;1,63;900
B0-07-240Y;3;0010;170;1,63;900
B0-07-240Z;4;0010;170;1,63;900
B0-07-241B;1;0011;120;1,15;300
B0-07-241C-1;1;0011;70;0,34;150
B0-07-241C-2;1;0011;70;0,34;150
B0-07-241D-1;1;0011;70;0,34;150
B0-07-241D-2;1;0011;70;0,34;150
B0-07-241X;2;0010;170;1,63;900
B0-07-241Y;3;0010;170;1,63;900
B0-07-241Z;4;0010;170;1,63;900
B0-07-242B;1;0011;120;1,15;300
B0-07-242C-1;1;0011;70;0,34;150
B0-07-242C-2;1;0011;70;0,34;150
B0-07-242D-1;1;0011;70;0,34;150
B0-07-242D-2;1;0011;70;0,34;150
B0-07-242X;2;0010;170;1,63;900
B0-07-242Y;3;0010;170;1,63;900
B0-07-242Z;4;0010;170;1,63;900
B0-07-250B;1;0011;120;1,15;300
B0-07-250C-1;1;0011;70;0,34;150
B0-07-250C-2;1;0011;70;0,34;150
B0-07-250D-1;1;0011;70;0,34;150
B0-07-250D-2;1;0011;70;0,34;150
B0-07-250X;2;0010;170;1,63;900
B0-07-250Y;3;0010;170;1,63;900
B0-07-250Z;4;0010;170;1,63;900
B0-07-251B;1;0011;120;1,15;300
B0-07-251C-1;1;0011;70;0,34;150
B0-07-251C-2;1;0011;70;0,34;150
B0-07-251D-1;1;0011;70;0,34;150
B0-07-251D-2;1;0011;70;0,34;150
B0-07-251X;2;0010;170;1,63;900
B0-07-251Y;3;0010;170;1,63;900
B0-07-251Z;4;0010;170;1,63;900
B0-07-252B;1;0011;120;1,15;300
B0-07-252C-1;1;0011;70;0,34;150
B0-07-252C-2;1;0011;70;0,34;150
B0-07-252D-1;1;0011;70;0,34;150
B0-07-252D-2;1;0011;70;0,34;150
B0-07-252X;2;0010;170;1,63;900
B0-07-252Y;3;0010;170;1,63;900
B0-07-252Z;4;0010;170;1,63;900
B0-07-260B;1;0011;120;1,15;300
B0-07-260C-1;1;0011;70;0,34;150
B0-07-260C-2;1;0011;70;0,34;150
B0-07-260D-1;1;0011;70;0,34;150
B0-07-260D-2;1;0011;70;0,34;150
B0-07-260X;2;0010;170;1,63;900
B0-07-260Y;3;0010;170;1,63;900
B0-07-260Z;4;0010;170;1,63;900
B0-07-261B;1;0011;120;1,15;300
B0-07-261C-1;1;0011;70;0,34;150
B0-07-261C-2;1;0011;70;0,34;150
B0-07-261D-1;1;0011;70;0,34;150
B0-07-261D-2;1;0011;70;0,34;150
B0-07-261X;2;0010;170;1,63;900
B0-07-261Y;3;0010;170;1,63;900
B0-07-261Z;4;0010;170;1,63;900
B0-07-262B;1;0011;120;1,15;300
B0-07-262C-1;1;0011;70;0,34;150
B0-07-262C-2;1;0011;70;0,34;150
B0-07-262D-1;1;0011;70;0,34;150
B0-07-262D-2;1;0011;70;0,34;150
B0-07-262X;2;0010;170;1,63;900
B0-07-262Y;3;0010;170;1,63;900
B0-07-262Z;4;0010;170;1,63;900
B0-07-270B;1;0011;120;1,15;300
B0-07-270C-1;1;0011;70;0,34;150
B0-07-270C-2;1;0011;70;0,34;150
B0-07-270D-1;1;0011;70;0,34;150
B0-07-270D-2;1;0011;70;0,34;150
B0-07-270X;2;0010;170;1,63;900
B0-07-270Y;3;0010;170;1,63;900
B0-07-270Z;4;0010;170;1,63;900
B0-07-271B;1;0011;120;1,15;300
B0-07-271C-1;1;0011;70;0,34;150
B0-07-271C-2;1;0011;70;0,34;150
B0-07-271D-1;1;0011;70;0,34;150
B0-07-271D-2;1;0011;70;0,34;150
B0-07-271X;2;0010;170;1,63;900
B0-07-271Y;3;0010;170;1,63;900
B0-07-271Z;4;0010;170;1,63;900
B0-07-272B;1;0011;120;1,15;300
B0-07-272C-1;1;0011;70;0,34;150
B0-07-272C-2;1;0011;70;0,34;150
B0-07-272D-1;1;0011;70;0,34;150
B0-07-272D-2;1;0011;70;0,34;150
B0-07-272X;2;0010;170;1,63;900
B0-07-272Y;3;0010;170;1,63;900
B0-07-272Z;4;0010;170;1,63;900
B0-07-280B;1;0011;120;1,15;300
B0-07-280C-1;1;0011;70;0,34;150
B0-07-280C-2;1;0011;70;0,34;150
B0-07-280D-1;1;0011;70;0,34;150
B0-07-280D-2;1;0011;70;0,34;150
B0-07-280X;2;0010;170;1,63;900
B0-07-280Y;3;0010;170;1,63;900
B0-07-280Z;4;0010;170;1,63;900
B0-07-281B;1;0011;120;1,15;300
B0-07-281C-1;1;0011;70;0,34;150
B0-07-281C-2;1;0011;70;0,34;150
B0-07-281D-1;1;0011;70;0,34;150
B0-07-281D-2;1;0011;70;0,34;150
B0-07-281X;2;0010;170;1,63;900
B0-07-281Y;3;0010;170;1,63;900
B0-07-281Z;4;0010;170;1,63;900
B0-07-282B;1;0011;120;1,15;300
B0-07-282C-1;1;0011;70;0,34;150
B0-07-282C-2;1;0011;70;0,34;150
B0-07-282D-1;1;0011;70;0,34;150
B0-07-282D-2;1;0011;70;0,34;150
B0-07-282X;2;0010;170;1,63;900
B0-07-282Y;3;0010;170;1,63;900
B0-07-282Z;4;0010;170;1,63;900
B0-07-290A;1;0052;150;1,44;1000
B0-07-290B;1;0011;120;1,15;300
B0-07-290C-1;1;0011;70;0,34;150
B0-07-290C-2;1;0011;70;0,34;150
B0-07-290D-1;1;0011;70;0,34;150
B0-07-290D-2;1;0011;70;0,34;150
B0-07-290X;2;0010;170;1,63;900
B0-07-290Y;3;0010;170;1,63;900
B0-07-290Z;4;0010;170;1,63;900
B0-07-291B;1;0011;120;1,15;300
B0-07-291C-1;1;0011;70;0,34;150
B0-07-291C-2;1;0011;70;0,34;150
B0-07-291D-1;1;0011;70;0,34;150
B0-07-291D-2;1;0011;70;0,34;150
B0-07-291X;2;0010;170;1,63;900
B0-07-291Y;3;0010;170;1,63;900
B0-07-291Z;4;0010;170;1,63;900
B0-07-292B;1;0011;120;1,15;300
B0-07-292C-1;1;0011;70;0,34;150
B0-07-292C-2;1;0011;70;0,34;150
B0-07-292D-1;1;0011;70;0,34;150
B0-07-292D-2;1;0011;70;0,34;150
B0-07-292X;2;0010;170;1,63;900
B0-07-292Y;3;0010;170;1,63;900
B0-07-292Z;4;0010;170;1,63;900
B0-07-300A;1;0052;150;1,44;1000
B0-07-300B;1;0011;120;1,15;300
B0-07-300C;1;0011;70;0,67;300
B0-07-300C-1;1;0011;70;0,34;150
B0-07-300C-2;1;0011;70;0,34;150
B0-07-300D-1;1;0011;70;0,34;150
B0-07-300D-2;1;0011;70;0,34;150
B0-07-300X;2;0010;170;1,63;900
B0-07-300Y;3;0010;170;1,63;900
B0-07-300Z;4;0010;170;1,63;900
B0-07-301A;1;0052;150;1,44;1000
B0-07-301B;1;0011;120;1,15;300
B0-07-301C;1;0011;70;0,67;300
B0-07-301C-1;1;0011;70;0,34;150
B0-07-301C-2;1;0011;70;0,34;150
B0-07-301D-1;1;0011;70;0,34;150
B0-07-301D-2;1;0011;70;0,34;150
B0-07-301X;2;0010;170;1,63;900
B0-07-301Y;3;0010;170;1,63;900
B0-07-301Z;4;0010;170;1,63;900
B0-07-302B;1;0011;120;1,15;300
B0-07-302C-1;1;0011;70;0,34;150
B0-07-302C-2;1;0011;70;0,34;150
B0-07-302D-1;1;0011;70;0,34;150
B0-07-302D-2;1;0011;70;0,34;150
B0-07-302X;2;0010;170;1,63;900
B0-07-302Y;3;0010;170;1,63;900
B0-07-302Z;4;0010;170;1,63;900
B0-07-303A;1;0052;150;1,44;1000
B0-07-303Y;3;0010;170;1,63;900
B0-07-310B;1;0011;120;1,15;300
B0-07-310C-1;1;0011;70;0,34;150
B0-07-310C-2;1;0011;70;0,34;150
B0-07-310D-1;1;0011;70;0,34;150
B0-07-310D-2;1;0011;70;0,34;150
B0-07-310X;2;0010;170;1,63;900
B0-07-310Y;3;0010;170;1,63;900
B0-07-310Z;4;0010;170;1,63;900
B0-07-311B;1;0011;120;1,15;300
B0-07-311C-1;1;0011;70;0,34;150
B0-07-311C-2;1;0011;70;0,34;150
B0-07-311D-1;1;0011;70;0,34;150
B0-07-311D-2;1;0011;70;0,34;150
B0-07-311X;2;0010;170;1,63;900
B0-07-311Y;3;0010;170;1,63;900
B0-07-311Z;4;0010;170;1,63;900
B0-07-312B;1;0011;120;1,15;300
B0-07-312C-1;1;0011;70;0,34;150
B0-07-312C-2;1;0011;70;0,34;150
B0-07-312D-1;1;0011;70;0,34;150
B0-07-312D-2;1;0011;70;0,34;150
B0-07-312X;2;0010;170;1,63;900
B0-07-312Y;3;0010;170;1,63;900
B0-07-312Z;4;0010;170;1,63;900
B0-07-320B;1;0011;120;1,15;300
B0-07-320C-1;1;0011;70;0,34;150
B0-07-320C-2;1;0011;70;0,34;150
B0-07-320D-1;1;0011;70;0,34;150
B0-07-320D-2;1;0011;70;0,34;150
B0-07-320X;2;0010;170;1,63;900
B0-07-320Y;3;0010;170;1,63;900
B0-07-320Z;4;0010;170;1,63;900
B0-07-321B;1;0011;120;1,15;300
B0-07-321C-1;1;0011;70;0,34;150
B0-07-321C-2;1;0011;70;0,34;150
B0-07-321D-1;1;0011;70;0,34;150
B0-07-321D-2;1;0011;70;0,34;150
B0-07-321X;2;0010;170;1,63;900
B0-07-321Y;3;0010;170;1,63;900
B0-07-321Z;4;0010;170;1,63;900
B0-07-322B;1;0011;120;1,15;300
B0-07-322C-1;1;0011;70;0,34;150
B0-07-322C-2;1;0011;70;0,34;150
B0-07-322D-1;1;0011;70;0,34;150
B0-07-322D-2;1;0011;70;0,34;150
B0-07-322X;2;0010;170;1,63;900
B0-07-322Y;3;0010;170;1,63;900
B0-07-322Z;4;0010;170;1,63;900
B0-07-330B;1;0011;120;1,15;300
B0-07-330C-1;1;0011;70;0,34;150
B0-07-330C-2;1;0011;70;0,34;150
B0-07-330D-1;1;0011;70;0,34;150
B0-07-330D-2;1;0011;70;0,34;150
B0-07-330X;2;0010;170;1,63;900
B0-07-330Y;3;0010;170;1,63;900
B0-07-330Z;4;0010;170;1,63;900
B0-07-331B;1;0011;120;1,15;300
B0-07-331C-1;1;0011;70;0,34;150
B0-07-331C-2;1;0011;70;0,34;150
B0-07-331D-1;1;0011;70;0,34;150
B0-07-331D-2;1;0011;70;0,34;150
B0-07-331X;2;0010;170;1,63;900
B0-07-331Y;3;0010;170;1,63;900
B0-07-331Z;4;0010;170;1,63;900
B0-07-332B;1;0011;120;1,15;300
B0-07-332C-1;1;0011;70;0,34;150
B0-07-332C-2;1;0011;70;0,34;150
B0-07-332D-1;1;0011;70;0,34;150
B0-07-332D-2;1;0011;70;0,34;150
B0-07-332X;2;0010;170;1,63;900
B0-07-332Y;3;0010;170;1,63;900
B0-07-332Z;4;0010;170;1,63;900
B0-07-340B;1;0011;120;1,15;300
B0-07-340C-1;1;0011;70;0,34;150
B0-07-340C-2;1;0011;70;0,34;150
B0-07-340D-1;1;0011;70;0,34;150
B0-07-340D-2;1;0011;70;0,34;150
B0-07-340X;2;0010;170;1,63;900
B0-07-340Y;3;0010;170;1,63;900
B0-07-340Z;4;0010;170;1,63;900
B0-07-341B;1;0011;120;1,15;300
B0-07-341C-1;1;0011;70;0,34;150
B0-07-341C-2;1;0011;70;0,34;150
B0-07-341D-1;1;0011;70;0,34;150
B0-07-341D-2;1;0011;70;0,34;150
B0-07-341X;2;0010;170;1,63;900
B0-07-341Y;3;0010;170;1,63;900
B0-07-341Z;4;0010;170;1,63;900
B0-07-342B;1;0011;120;1,15;300
B0-07-342C-1;1;0011;70;0,34;150
B0-07-342C-2;1;0011;70;0,34;150
B0-07-342D-1;1;0011;70;0,34;150
B0-07-342D-2;1;0011;70;0,34;150
B0-07-342X;2;0010;170;1,63;900
B0-07-342Y;3;0010;170;1,63;900
B0-07-342Z;4;0010;170;1,63;900
B0-07-350B;1;0011;120;1,15;300
B0-07-350C-1;1;0011;70;0,34;150
B0-07-350C-2;1;0011;70;0,34;150
B0-07-350D-1;1;0011;70;0,34;150
B0-07-350D-2;1;0011;70;0,34;150
B0-07-350X;2;0010;170;1,63;900
B0-07-350Y;3;0010;170;1,63;900
B0-07-350Z;4;0010;170;1,63;900
B0-07-351B;1;0011;120;1,15;300
B0-07-351C-1;1;0011;70;0,34;150
B0-07-351C-2;1;0011;70;0,34;150
B0-07-351D-1;1;0011;70;0,34;150
B0-07-351D-2;1;0011;70;0,34;150
B0-07-351X;2;0010;170;1,63;900
B0-07-351Y;3;0010;170;1,63;900
B0-07-351Z;4;0010;170;1,63;900
B0-07-352B;1;0011;120;1,15;300
B0-07-352C-1;1;0011;70;0,34;150
B0-07-352C-2;1;0011;70;0,34;150
B0-07-352D-1;1;0011;70;0,34;150
B0-07-352D-2;1;0011;70;0,34;150
B0-07-352X;2;0010;170;1,63;900
B0-07-352Y;3;0010;170;1,63;900
B0-07-352Z;4;0010;170;1,63;900
B0-07-360B;1;0011;120;1,15;300
B0-07-360C-1;1;0011;70;0,34;150
B0-07-360C-2;1;0011;70;0,34;150
B0-07-360D-1;1;0011;70;0,34;150
B0-07-360D-2;1;0011;70;0,34;150
B0-07-360X;2;0010;170;1,63;900
B0-07-360Y;3;0010;170;1,63;900
B0-07-360Z;4;0010;170;1,63;900
B0-07-361B;1;0011;120;1,15;300
B0-07-361C-1;1;0011;70;0,34;150
B0-07-361C-2;1;0011;70;0,34;150
B0-07-361D-1;1;0011;70;0,34;150
B0-07-361D-2;1;0011;70;0,34;150
B0-07-361X;2;0010;170;1,63;900
B0-07-361Y;3;0010;170;1,63;900
B0-07-361Z;4;0010;170;1,63;900
B0-07-362B;1;0011;120;1,15;300
B0-07-362C-1;1;0011;70;0,34;150
B0-07-362C-2;1;0011;70;0,34;150
B0-07-362D-1;1;0011;70;0,34;150
B0-07-362D-2;1;0011;70;0,34;150
B0-07-362X;2;0010;170;1,63;900
B0-07-362Y;3;0010;170;1,63;900
B0-07-362Z;4;0010;170;1,63;900
B0-07-370B;1;0011;120;1,15;300
B0-07-370C-1;1;0011;70;0,34;150
B0-07-370C-2;1;0011;70;0,34;150
B0-07-370D-1;1;0011;70;0,34;150
B0-07-370D-2;1;0011;70;0,34;150
B0-07-370X;2;0010;170;1,63;900
B0-07-370Y;3;0010;170;1,63;900
B0-07-370Z;4;0010;170;1,63;900
B0-07-371B;1;0011;120;1,15;300
B0-07-371C-1;1;0011;70;0,34;150
B0-07-371C-2;1;0011;70;0,34;150
B0-07-371D-1;1;0011;70;0,34;150
B0-07-371D-2;1;0011;70;0,34;150
B0-07-371X;2;0010;170;1,63;900
B0-07-371Y;3;0010;170;1,63;900
B0-07-371Z;4;0010;170;1,63;900
B0-07-372B;1;0011;120;1,15;300
B0-07-372C-1;1;0011;70;0,34;150
B0-07-372C-2;1;0011;70;0,34;150
B0-07-372D-1;1;0011;70;0,34;150
B0-07-372D-2;1;0011;70;0,34;150
B0-07-372X;2;0010;170;1,63;900
B0-07-372Y;3;0010;170;1,63;900
B0-07-372Z;4;0010;170;1,63;900
B0-07-380B;1;0011;120;1,15;300
B0-07-380C-1;1;0011;70;0,34;150
B0-07-380C-2;1;0011;70;0,34;150
B0-07-380D-1;1;0011;70;0,34;150
B0-07-380D-2;1;0011;70;0,34;150
B0-07-380X;2;0010;170;1,63;900
B0-07-380Y;3;0010;170;1,63;900
B0-07-380Z;4;0010;170;1,63;900
B0-07-381B;1;0011;120;1,15;300
B0-07-381C-1;1;0011;70;0,34;150
B0-07-381C-2;1;0011;70;0,34;150
B0-07-381D-1;1;0011;70;0,34;150
B0-07-381D-2;1;0011;70;0,34;150
B0-07-381X;2;0010;170;1,63;900
B0-07-381Y;3;0010;170;1,63;900
B0-07-381Z;4;0010;170;1,63;900
B0-07-382B;1;0011;120;1,15;300
B0-07-382C-1;1;0011;70;0,34;150
B0-07-382C-2;1;0011;70;0,34;150
B0-07-382D-1;1;0011;70;0,34;150
B0-07-382D-2;1;0011;70;0,34;150
B0-07-382X;2;0010;170;1,63;900
B0-07-382Y;3;0010;170;1,63;900
B0-07-382Z;4;0010;170;1,63;900
B0-07-390B;1;0011;120;1,15;300
B0-07-390C-1;1;0011;70;0,34;150
B0-07-390C-2;1;0011;70;0,34;150
B0-07-390D-1;1;0011;70;0,34;150
B0-07-390D-2;1;0011;70;0,34;150
B0-07-390X;2;0010;170;1,63;900
B0-07-390Y;3;0010;170;1,63;900
B0-07-390Z;4;0010;170;1,63;900
B0-07-391B;1;0011;120;1,15;300
B0-07-391C-1;1;0011;70;0,34;150
B0-07-391C-2;1;0011;70;0,34;150
B0-07-391D-1;1;0011;70;0,34;150
B0-07-391D-2;1;0011;70;0,34;150
B0-07-391X;2;0010;170;1,63;900
B0-07-391Y;3;0010;170;1,63;900
B0-07-391Z;4;0010;170;1,63;900
B0-07-392B;1;0011;120;1,15;300
B0-07-392C-1;1;0011;70;0,34;150
B0-07-392C-2;1;0011;70;0,34;150
B0-07-392D-1;1;0011;70;0,34;150
B0-07-392D-2;1;0011;70;0,34;150
B0-07-392X;2;0010;170;1,63;900
B0-07-392Y;3;0010;170;1,63;900
B0-07-392Z;4;0010;170;1,63;900
B0-07-400B;1;0011;120;1,15;300
B0-07-400C-1;1;0011;70;0,34;150
B0-07-400C-2;1;0011;70;0,34;150
B0-07-400D-1;1;0011;70;0,34;150
B0-07-400D-2;1;0011;70;0,34;150
B0-07-400X;2;0010;170;1,63;900
B0-07-400Y;3;0010;170;1,63;900
B0-07-400Z;4;0010;170;1,63;900
B0-07-401B;1;0011;120;1,15;300
B0-07-401C-1;1;0011;70;0,34;150
B0-07-401C-2;1;0011;70;0,34;150
B0-07-401D-1;1;0011;70;0,34;150
B0-07-401D-2;1;0011;70;0,34;150
B0-07-401X;2;0010;170;1,63;900
B0-07-401Y;3;0010;170;1,63;900
B0-07-401Z;4;0010;170;1,63;900
B0-07-402B;1;0011;120;1,15;300
B0-07-402C-1;1;0011;70;0,34;150
B0-07-402C-2;1;0011;70;0,34;150
B0-07-402D-1;1;0011;70;0,34;150
B0-07-402D-2;1;0011;70;0,34;150
B0-07-402X;2;0010;170;1,63;900
B0-07-402Y;3;0010;170;1,63;900
B0-07-402Z;4;0010;170;1,63;900
B0-07-410B;1;0011;120;1,15;300
B0-07-410C-1;1;0011;70;0,34;150
B0-07-410C-2;1;0011;70;0,34;150
B0-07-410D-1;1;0011;70;0,34;150
B0-07-410D-2;1;0011;70;0,34;150
B0-07-410X;2;0010;170;1,63;900
B0-07-410Y;3;0010;170;1,63;900
B0-07-410Z;4;0010;170;1,63;900
B0-07-411B;1;0011;120;1,15;300
B0-07-411C-1;1;0011;70;0,34;150
B0-07-411C-2;1;0011;70;0,34;150
B0-07-411D-1;1;0011;70;0,34;150
B0-07-411D-2;1;0011;70;0,34;150
B0-07-411X;2;0010;170;1,63;900
B0-07-411Y;3;0010;170;1,63;900
B0-07-411Z;4;0010;170;1,63;900
B0-07-412B;1;0011;120;1,15;300
B0-07-412C-1;1;0011;70;0,34;150
B0-07-412C-2;1;0011;70;0,34;150
B0-07-412D-1;1;0011;70;0,34;150
B0-07-412D-2;1;0011;70;0,34;150
B0-07-412X;2;0010;170;1,63;900
B0-07-412Y;3;0010;170;1,63;900
B0-07-412Z;4;0010;170;1,63;900
B0-07-420B;1;0011;120;1,15;300
B0-07-420C-1;1;0011;70;0,34;150
B0-07-420C-2;1;0011;70;0,34;150
B0-07-420D-1;1;0011;70;0,34;150
B0-07-420D-2;1;0011;70;0,34;150
B0-07-420X;2;0010;170;1,63;900
B0-07-420Y;3;0010;170;1,63;900
B0-07-420Z;4;0010;170;1,63;900
B0-07-421B;1;0011;120;1,15;300
B0-07-421C-1;1;0011;70;0,34;150
B0-07-421C-2;1;0011;70;0,34;150
B0-07-421D-1;1;0011;70;0,34;150
B0-07-421D-2;1;0011;70;0,34;150
B0-07-421X;2;0010;170;1,63;900
B0-07-421Y;3;0010;170;1,63;900
B0-07-421Z;4;0010;170;1,63;900
B0-07-422B;1;0011;120;1,15;300
B0-07-422C-1;1;0011;70;0,34;150
B0-07-422C-2;1;0011;70;0,34;150
B0-07-422D-1;1;0011;70;0,34;150
B0-07-422D-2;1;0011;70;0,34;150
B0-07-422X;2;0010;170;1,63;900
B0-07-422Y;3;0010;170;1,63;900
B0-07-422Z;4;0010;170;1,63;900
B0-07-430B;1;0011;120;1,15;300
B0-07-430C-1;1;0011;70;0,34;150
B0-07-430C-2;1;0011;70;0,34;150
B0-07-430D-1;1;0011;70;0,34;150
B0-07-430D-2;1;0011;70;0,34;150
B0-07-430X;2;0010;170;1,63;900
B0-07-430Y;3;0010;170;1,63;900
B0-07-430Z;4;0010;170;1,63;900
B0-07-431B;1;0011;120;1,15;300
B0-07-431C-1;1;0011;70;0,34;150
B0-07-431C-2;1;0011;70;0,34;150
B0-07-431D-1;1;0011;70;0,34;150
B0-07-431D-2;1;0011;70;0,34;150
B0-07-431X;2;0010;170;1,63;900
B0-07-431Y;3;0010;170;1,63;900
B0-07-431Z;4;0010;170;1,63;900
B0-07-432B;1;0011;120;1,15;300
B0-07-432C-1;1;0011;70;0,34;150
B0-07-432C-2;1;0011;70;0,34;150
B0-07-432D-1;1;0011;70;0,34;150
B0-07-432D-2;1;0011;70;0,34;150
B0-07-432X;2;0010;170;1,63;900
B0-07-432Y;3;0010;170;1,63;900
B0-07-432Z;4;0010;170;1,63;900
B0-07-440B;1;0011;120;1,15;300
B0-07-440C-1;1;0011;70;0,34;150
B0-07-440C-2;1;0011;70;0,34;150
B0-07-440D-1;1;0011;70;0,34;150
B0-07-440D-2;1;0011;70;0,34;150
B0-07-440X;2;0010;170;1,63;900
B0-07-440Y;3;0010;170;1,63;900
B0-07-440Z;4;0010;170;1,63;900
B0-07-441B;1;0011;120;1,15;300
B0-07-441C-1;1;0011;70;0,34;150
B0-07-441C-2;1;0011;70;0,34;150
B0-07-441D-1;1;0011;70;0,34;150
B0-07-441D-2;1;0011;70;0,34;150
B0-07-441X;2;0010;170;1,63;900
B0-07-441Y;3;0010;170;1,63;900
B0-07-441Z;4;0010;170;1,63;900
B0-07-442B;1;0011;120;1,15;300
B0-07-442C-1;1;0011;70;0,34;150
B0-07-442C-2;1;0011;70;0,34;150
B0-07-442D-1;1;0011;70;0,34;150
B0-07-442D-2;1;0011;70;0,34;150
B0-07-442X;2;0010;170;1,63;900
B0-07-442Y;3;0010;170;1,63;900
B0-07-442Z;4;0010;170;1,63;900
B0-07-450B;1;0011;120;1,15;300
B0-07-450C-1;1;0011;70;0,34;150
B0-07-450C-2;1;0011;70;0,34;150
B0-07-450D-1;1;0011;70;0,34;150
B0-07-450D-2;1;0011;70;0,34;150
B0-07-450X;2;0010;170;1,63;900
B0-07-450Y;3;0010;170;1,63;900
B0-07-450Z;4;0010;170;1,63;900
B0-07-451B;1;0011;120;1,15;300
B0-07-451C-1;1;0011;70;0,34;150
B0-07-451C-2;1;0011;70;0,34;150
B0-07-451D-1;1;0011;70;0,34;150
B0-07-451D-2;1;0011;70;0,34;150
B0-07-451X;2;0010;170;1,63;900
B0-07-451Y;3;0010;170;1,63;900
B0-07-451Z;4;0010;170;1,63;900
B0-07-452B;1;0011;120;1,15;300
B0-07-452C-1;1;0011;70;0,34;150
B0-07-452C-2;1;0011;70;0,34;150
B0-07-452D-1;1;0011;70;0,34;150
B0-07-452D-2;1;0011;70;0,34;150
B0-07-452X;2;0010;170;1,63;900
B0-07-452Y;3;0010;170;1,63;900
B0-07-452Z;4;0010;170;1,63;900
B0-07-460B;1;0011;120;1,15;300
B0-07-460C-1;1;0011;70;0,34;150
B0-07-460C-2;1;0011;70;0,34;150
B0-07-460D-1;1;0011;70;0,34;150
B0-07-460D-2;1;0011;70;0,34;150
B0-07-460X;2;0010;170;1,63;900
B0-07-460Y;3;0010;170;1,63;900
B0-07-460Z;4;0010;170;1,63;900
B0-07-461B;1;0011;120;1,15;300
B0-07-461C-1;1;0011;70;0,34;150
B0-07-461C-2;1;0011;70;0,34;150
B0-07-461D-1;1;0011;70;0,34;150
B0-07-461D-2;1;0011;70;0,34;150
B0-07-461X;2;0010;170;1,63;900
B0-07-461Y;3;0010;170;1,63;900
B0-07-461Z;4;0010;170;1,63;900
B0-07-462B;1;0011;120;1,15;300
B0-07-462C-1;1;0011;70;0,34;150
B0-07-462C-2;1;0011;70;0,34;150
B0-07-462D-1;1;0011;70;0,34;150
B0-07-462D-2;1;0011;70;0,34;150
B0-07-462X;2;0010;170;1,63;900
B0-07-462Y;3;0010;170;1,63;900
B0-07-462Z;4;0010;170;1,63;900
B0-07-470B;1;0011;120;1,15;300
B0-07-470C-1;1;0011;70;0,34;150
B0-07-470C-2;1;0011;70;0,34;150
B0-07-470D-1;1;0011;70;0,34;150
B0-07-470D-2;1;0011;70;0,34;150
B0-07-470X;2;0010;170;1,63;900
B0-07-470Y;3;0010;170;1,63;900
B0-07-470Z;4;0010;170;1,63;900
B0-07-471B;1;0011;120;1,15;300
B0-07-471C-1;1;0011;70;0,34;150
B0-07-471C-2;1;0011;70;0,34;150
B0-07-471D-1;1;0011;70;0,34;150
B0-07-471D-2;1;0011;70;0,34;150
B0-07-471X;2;0010;170;1,63;900
B0-07-471Y;3;0010;170;1,63;900
B0-07-471Z;4;0010;170;1,63;900
B0-07-472B;1;0011;120;1,15;300
B0-07-472C-1;1;0011;70;0,34;150
B0-07-472C-2;1;0011;70;0,34;150
B0-07-472D-1;1;0011;70;0,34;150
B0-07-472D-2;1;0011;70;0,34;150
B0-07-472X;2;0010;170;1,63;900
B0-07-472Y;3;0010;170;1,63;900
B0-07-472Z;4;0010;170;1,63;900
B0-07-480B;1;0011;120;1,15;300
B0-07-480C-1;1;0011;70;0,34;150
B0-07-480C-2;1;0011;70;0,34;150
B0-07-480D-1;1;0011;70;0,34;150
B0-07-480D-2;1;0011;70;0,34;150
B0-07-480X;2;0010;170;1,63;900
B0-07-480Y;3;0010;170;1,63;900
B0-07-480Z;4;0010;170;1,63;900
B0-07-481B;1;0011;120;1,15;300
B0-07-481C-1;1;0011;70;0,34;150
B0-07-481C-2;1;0011;70;0,34;150
B0-07-481D-1;1;0011;70;0,34;150
B0-07-481D-2;1;0011;70;0,34;150
B0-07-481X;2;0010;170;1,63;900
B0-07-481Y;3;0010;170;1,63;900
B0-07-481Z;4;0010;170;1,63;900
B0-07-482B;1;0011;120;1,15;300
B0-07-482C-1;1;0011;70;0,34;150
B0-07-482C-2;1;0011;70;0,34;150
B0-07-482D-1;1;0011;70;0,34;150
B0-07-482D-2;1;0011;70;0,34;150
B0-07-482X;2;0010;170;1,63;900
B0-07-482Y;3;0010;170;1,63;900
B0-07-482Z;4;0010;170;1,63;900
B0-07-490B;1;0011;120;1,15;300
B0-07-490C-1;1;0011;70;0,34;150
B0-07-490C-2;1;0011;70;0,34;150
B0-07-490D-1;1;0011;70;0,34;150
B0-07-490D-2;1;0011;70;0,34;150
B0-07-490X;2;0010;170;1,63;900
B0-07-490Y;3;0010;170;1,63;900
B0-07-490Z;4;0010;170;1,63;900
B0-07-491B;1;0011;120;1,15;300
B0-07-491C-1;1;0011;70;0,34;150
B0-07-491C-2;1;0011;70;0,34;150
B0-07-491D-1;1;0011;70;0,34;150
B0-07-491D-2;1;0011;70;0,34;150
B0-07-491X;2;0010;170;1,63;900
B0-07-491Y;3;0010;170;1,63;900
B0-07-491Z;4;0010;170;1,63;900
B0-07-492B;1;0011;120;1,15;300
B0-07-492C-1;1;0011;70;0,34;150
B0-07-492C-2;1;0011;70;0,34;150
B0-07-492D-1;1;0011;70;0,34;150
B0-07-492D-2;1;0011;70;0,34;150
B0-07-492X;2;0010;170;1,63;900
B0-07-492Y;3;0010;170;1,63;900
B0-07-492Z;4;0010;170;1,63;900
B0-07-500B;1;0011;120;1,15;300
B0-07-500C-1;1;0011;70;0,34;150
B0-07-500C-2;1;0011;70;0,34;150
B0-07-500D-1;1;0011;70;0,34;150
B0-07-500D-2;1;0011;70;0,34;150
B0-07-500X;2;0010;170;1,63;900
B0-07-500Y;3;0010;170;1,63;900
B0-07-500Z;4;0010;170;1,63;900
B0-07-501B;1;0011;120;1,15;300
B0-07-501C-1;1;0011;70;0,34;150
B0-07-501C-2;1;0011;70;0,34;150
B0-07-501D-1;1;0011;70;0,34;150
B0-07-501D-2;1;0011;70;0,34;150
B0-07-501X;2;0010;170;1,63;900
B0-07-501Y;3;0010;170;1,63;900
B0-07-501Z;4;0010;170;1,63;900
B0-07-502B;1;0011;120;1,15;300
B0-07-502C-1;1;0011;70;0,34;150
B0-07-502C-2;1;0011;70;0,34;150
B0-07-502D-1;1;0011;70;0,34;150
B0-07-502D-2;1;0011;70;0,34;150
B0-07-502X;2;0010;170;1,63;900
B0-07-502Y;3;0010;170;1,63;900
B0-07-502Z;4;0010;170;1,63;900
B0-07-700A;1;0052;150;1,44;1000
B0-08-100A;1;0052;150;1,44;1000
B0-08-100X;2;0010;170;1,63;900
B0-08-100Y;3;0010;170;1,63;900
B0-08-100Z;4;0010;170;1,63;900
B0-08-101A;1;0052;150;1,44;1000
B0-08-101X;2;0010;170;1,63;900
B0-08-101Y;3;0010;170;1,63;900
B0-08-101Z;4;0010;170;1,63;900
B0-08-102A;1;0052;150;1,44;1000
B0-08-102X;2;0010;170;1,63;900
B0-08-102Y;3;0010;170;1,63;900
B0-08-102Z;4;0010;170;1,63;900
B0-08-110A;1;0052;150;1,44;1000
B0-08-110X;2;0010;170;1,63;900
B0-08-110Y;3;0010;170;1,63;900
B0-08-110Z;4;0010;170;1,63;900
B0-08-111A;1;0052;150;1,44;1000
B0-08-111X;2;0010;170;1,63;900
B0-08-111Y;3;0010;170;1,63;900
B0-08-111Z;4;0010;170;1,63;900
B0-08-112A;1;0050;150;1,44;1000
B0-08-112X;2;0010;170;1,63;900
B0-08-112Y;3;0010;170;1,63;900
B0-08-112Z;4;0010;170;1,63;900
B0-08-120A;1;0052;150;1,44;1000
B0-08-120X;2;0010;170;1,63;900
B0-08-120Y;3;0010;170;1,63;900
B0-08-120Z;4;0010;170;1,63;900
B0-08-121A;1;0052;150;1,44;1000
B0-08-121X;2;0010;170;1,63;900
B0-08-121Y;3;0010;170;1,63;900
B0-08-121Z;4;0010;170;1,63;900
B0-08-122A;1;0052;150;1,44;1000
B0-08-122X;2;0010;170;1,63;900
B0-08-122Y;3;0010;170;1,63;900
B0-08-122Z;4;0010;170;1,63;900
B0-08-130A;1;0052;150;1,44;1000
B0-08-130X;2;0010;170;1,63;900
B0-08-130Y;3;0010;170;1,63;900
B0-08-130Z;4;0010;170;1,63;900
B0-08-131A;1;0052;150;1,44;1000
B0-08-131X;2;0010;170;1,63;900
B0-08-131Y;3;0010;170;1,63;900
B0-08-131Z;4;0010;170;1,63;900
B0-08-132A;1;0052;150;1,44;1000
B0-08-132X;2;0010;170;1,63;900
B0-08-132Y;3;0010;170;1,63;900
B0-08-132Z;4;0010;170;1,63;900
B0-08-140A;1;0052;150;1,44;1000
B0-08-140X;2;0010;170;1,63;900
B0-08-140Y;3;0010;170;1,63;900
B0-08-140Z;4;0010;170;1,63;900
B0-08-141A;1;0052;150;1,44;1000
B0-08-141X;2;0010;170;1,63;900
B0-08-141Y;3;0010;170;1,63;900
B0-08-141Z;4;0010;170;1,63;900
B0-08-142A;1;0052;150;1,44;1000
B0-08-142X;2;0010;170;1,63;900
B0-08-142Y;3;0010;170;1,63;900
B0-08-142Z;4;0010;170;1,63;900
B0-08-150A;1;0052;150;1,44;1000
B0-08-150X;2;0010;170;1,63;900
B0-08-150Y;3;0010;170;1,63;900
B0-08-150Z;4;0010;170;1,63;900
B0-08-151A;1;0052;150;1,44;1000
B0-08-151X;2;0010;170;1,63;900
B0-08-151Y;3;0010;170;1,63;900
B0-08-151Z;4;0010;170;1,63;900
B0-08-152A;1;0052;150;1,44;1000
B0-08-152X;2;0010;170;1,63;900
B0-08-152Y;3;0010;170;1,63;900
B0-08-152Z;4;0010;170;1,63;900
B0-08-160A;1;0052;150;1,44;1000
B0-08-160X;2;0010;170;1,63;900
B0-08-160Y;3;0010;170;1,63;900
B0-08-160Z;4;0010;170;1,63;900
B0-08-161A;1;0052;150;1,44;1000
B0-08-161X;2;0010;170;1,63;900
B0-08-161Y;3;0010;170;1,63;900
B0-08-161Z;4;0010;170;1,63;900
B0-08-162A;1;0052;150;1,44;1000
B0-08-162X;2;0010;170;1,63;900
B0-08-162Y;3;0010;170;1,63;900
B0-08-162Z;4;0010;170;1,63;900
B0-08-170A;1;0052;150;1,44;1000
B0-08-170X;2;0010;170;1,63;900
B0-08-170Y;3;0010;170;1,63;900
B0-08-170Z;4;0010;170;1,63;900
B0-08-171A;1;0050;150;1,44;1000
B0-08-171X;2;0010;170;1,63;900
B0-08-171Y;3;0010;170;1,63;900
B0-08-171Z;4;0010;170;1,63;900
B0-08-172A;1;0052;150;1,44;1000
B0-08-172X;2;0010;170;1,63;900
B0-08-172Y;3;0010;170;1,63;900
B0-08-172Z;4;0010;170;1,63;900
B0-08-180A;1;0052;150;1,44;1000
B0-08-180X;2;0010;170;1,63;900
B0-08-180Y;3;0010;170;1,63;900
B0-08-180Z;4;0010;170;1,63;900
B0-08-181A;1;0052;150;1,44;1000
B0-08-181X;2;0010;170;1,63;900
B0-08-181Y;3;0010;170;1,63;900
B0-08-181Z;4;0010;170;1,63;900
B0-08-182A;1;0052;150;1,44;1000
B0-08-182X;2;0010;170;1,63;900
B0-08-182Y;3;0010;170;1,63;900
B0-08-182Z;4;0010;170;1,63;900
B0-08-190A;1;0052;150;1,44;1000
B0-08-190X;2;0010;170;1,63;900
B0-08-190Y;3;0010;170;1,63;900
B0-08-190Z;4;0010;170;1,63;900
B0-08-191A;1;0052;150;1,44;1000
B0-08-191X;2;0010;170;1,63;900
B0-08-191Y;3;0010;170;1,63;900
B0-08-191Z;4;0010;170;1,63;900
B0-08-192A;1;0052;150;1,44;1000
B0-08-192X;2;0010;170;1,63;900
B0-08-192Y;3;0010;170;1,63;900
B0-08-192Z;4;0010;170;1,63;900
B0-08-200A;1;0052;150;1,44;1000
B0-08-200X;2;0010;170;1,63;900
B0-08-200Y;3;0010;170;1,63;900
B0-08-200Z;4;0010;170;1,63;900
B0-08-201A;1;0052;150;1,44;1000
B0-08-201X;2;0010;170;1,63;900
B0-08-201Y;3;0010;170;1,63;900
B0-08-201Z;4;0010;170;1,63;900
B0-08-202A;1;0052;150;1,44;1000
B0-08-202X;2;0010;170;1,63;900
B0-08-202Y;3;0010;170;1,63;900
B0-08-202Z;4;0010;170;1,63;900
B0-08-210A;1;0052;150;1,44;1000
B0-08-210X;2;0010;170;1,63;900
B0-08-210Y;3;0010;170;1,63;900
B0-08-210Z;4;0010;170;1,63;900
B0-08-211A;1;0052;150;1,44;1000
B0-08-211X;2;0010;170;1,63;900
B0-08-211Y;3;0010;170;1,63;900
B0-08-211Z;4;0010;170;1,63;900
B0-08-212A;1;0052;150;1,44;1000
B0-08-212X;2;0010;170;1,63;900
B0-08-212Y;3;0010;170;1,63;900
B0-08-212Z;4;0010;170;1,63;900
B0-08-220A;1;0052;150;1,44;1000
B0-08-220X;2;0010;170;1,63;900
B0-08-220Y;3;0010;170;1,63;900
B0-08-220Z;4;0010;170;1,63;900
B0-08-221A;1;0052;150;1,44;1000
B0-08-221X;2;0010;170;1,63;900
B0-08-221Y;3;0010;170;1,63;900
B0-08-221Z;4;0010;170;1,63;900
B0-08-222A;1;0052;150;1,44;1000
B0-08-222X;2;0010;170;1,63;900
B0-08-222Y;3;0010;170;1,63;900
B0-08-222Z;4;0010;170;1,63;900
B0-08-230A;1;0050;150;1,44;1000
B0-08-230X;2;0010;170;1,63;900
B0-08-230Y;3;0010;170;1,63;900
B0-08-230Z;4;0010;170;1,63;900
B0-08-231A;1;0052;150;1,44;1000
B0-08-231X;2;0010;170;1,63;900
B0-08-231Y;3;0010;170;1,63;900
B0-08-231Z;4;0010;170;1,63;900
B0-08-232A;1;0052;150;1,44;1000
B0-08-232X;2;0010;170;1,63;900
B0-08-232Y;3;0010;170;1,63;900
B0-08-232Z;4;0010;170;1,63;900
B0-08-240A;1;0052;150;1,44;1000
B0-08-240X;2;0010;170;1,63;900
B0-08-240Y;3;0010;170;1,63;900
B0-08-240Z;4;0010;170;1,63;900
B0-08-241A;1;0052;150;1,44;1000
B0-08-241X;2;0010;170;1,63;900
B0-08-241Y;3;0010;170;1,63;900
B0-08-241Z;4;0010;170;1,63;900
B0-08-242A;1;0052;150;1,44;1000
B0-08-242X;2;0010;170;1,63;900
B0-08-242Y;3;0010;170;1,63;900
B0-08-242Z;4;0010;170;1,63;900
B0-08-250A;1;0052;150;1,44;1000
B0-08-250X;2;0010;170;1,63;900
B0-08-250Y;3;0010;170;1,63;900
B0-08-250Z;4;0010;170;1,63;900
B0-08-251A;1;0052;150;1,44;1000
B0-08-251X;2;0010;170;1,63;900
B0-08-251Y;3;0010;170;1,63;900
B0-08-251Z;4;0010;170;1,63;900
B0-08-252A;1;0052;150;1,44;1000
B0-08-252X;2;0010;170;1,63;900
B0-08-252Y;3;0010;170;1,63;900
B0-08-252Z;4;0010;170;1,63;900
B0-08-260A;1;0052;150;1,44;1000
B0-08-260X;2;0010;170;1,63;900
B0-08-260Y;3;0010;170;1,63;900
B0-08-260Z;4;0010;170;1,63;900
B0-08-261A;1;0052;150;1,44;1000
B0-08-261X;2;0010;170;1,63;900
B0-08-261Y;3;0010;170;1,63;900
B0-08-261Z;4;0010;170;1,63;900
B0-08-262A;1;0052;150;1,44;1000
B0-08-262X;2;0010;170;1,63;900
B0-08-262Y;3;0010;170;1,63;900
B0-08-262Z;4;0010;170;1,63;900
B0-08-270A;1;0052;150;1,44;1000
B0-08-270X;2;0010;170;1,63;900
B0-08-270Y;3;0010;170;1,63;900
B0-08-270Z;4;0010;170;1,63;900
B0-08-271A;1;0052;150;1,44;1000
B0-08-271X;2;0010;170;1,63;900
B0-08-271Y;3;0010;170;1,63;900
B0-08-271Z;4;0010;170;1,63;900
B0-08-272A;1;0052;150;1,44;1000
B0-08-272X;2;0010;170;1,63;900
B0-08-272Y;3;0010;170;1,63;900
B0-08-272Z;4;0010;170;1,63;900
B0-08-280A;1;0052;150;1,44;1000
B0-08-280X;2;0010;170;1,63;900
B0-08-280Y;3;0010;170;1,63;900
B0-08-280Z;4;0010;170;1,63;900
B0-08-281A;1;0052;150;1,44;1000
B0-08-281X;2;0010;170;1,63;900
B0-08-281Y;3;0010;170;1,63;900
B0-08-281Z;4;0010;170;1,63;900
B0-08-282A;1;0050;150;1,44;1000
B0-08-282X;2;0010;170;1,63;900
B0-08-282Y;3;0010;170;1,63;900
B0-08-282Z;4;0010;170;1,63;900
B0-08-290A;1;0052;150;1,44;1000
B0-08-290X;2;0010;170;1,63;900
B0-08-290Y;3;0010;170;1,63;900
B0-08-290Z;4;0010;170;1,63;900
B0-08-291A;1;0052;150;1,44;1000
B0-08-291X;2;0010;170;1,63;900
B0-08-291Y;3;0010;170;1,63;900
B0-08-291Z;4;0010;170;1,63;900
B0-08-292A;1;0052;150;1,44;1000
B0-08-292X;2;0010;170;1,63;900
B0-08-292Y;3;0010;170;1,63;900
B0-08-292Z;4;0010;170;1,63;900
B0-08-300A;1;0052;150;1,44;1000
B0-08-300X;2;0010;170;1,63;900
B0-08-300Y;3;0010;170;1,63;900
B0-08-300Z;4;0010;170;1,63;900
B0-08-301A;1;0052;150;1,44;1000
B0-08-301X;2;0010;170;1,63;900
B0-08-301Y;3;0010;170;1,63;900
B0-08-301Z;4;0010;170;1,63;900
B0-08-302A;1;0052;150;1,44;1000
B0-08-302X;2;0010;170;1,63;900
B0-08-302Y;3;0010;170;1,63;900
B0-08-302Z;4;0010;170;1,63;900
B0-08-310A;1;0052;150;1,44;1000
B0-08-310X;2;0010;170;1,63;900
B0-08-310Y;3;0010;170;1,63;900
B0-08-310Z;4;0010;170;1,63;900
B0-08-311A;1;0052;150;1,44;1000
B0-08-311X;2;0010;170;1,63;900
B0-08-311Y;3;0010;170;1,63;900
B0-08-311Z;4;0010;170;1,63;900
B0-08-312A;1;0052;150;1,44;1000
B0-08-312X;2;0010;170;1,63;900
B0-08-312Y;3;0010;170;1,63;900
B0-08-312Z;4;0010;170;1,63;900
B0-08-320A;1;0052;150;1,44;1000
B0-08-320X;2;0010;170;1,63;900
B0-08-320Y;3;0010;170;1,63;900
B0-08-320Z;4;0010;170;1,63;900
B0-08-321A;1;0052;150;1,44;1000
B0-08-321X;2;0010;170;1,63;900
B0-08-321Y;3;0010;170;1,63;900
B0-08-321Z;4;0010;170;1,63;900
B0-08-322A;1;0052;150;1,44;1000
B0-08-322X;2;0010;170;1,63;900
B0-08-322Y;3;0010;170;1,63;900
B0-08-322Z;4;0010;170;1,63;900
B0-08-330A;1;0052;150;1,44;1000
B0-08-330X;2;0010;170;1,63;900
B0-08-330Y;3;0010;170;1,63;900
B0-08-330Z;4;0010;170;1,63;900
B0-08-331A;1;0052;150;1,44;1000
B0-08-331X;2;0010;170;1,63;900
B0-08-331Y;3;0010;170;1,63;900
B0-08-331Z;4;0010;170;1,63;900
B0-08-332A;1;0052;150;1,44;1000
B0-08-332X;2;0010;170;1,63;900
B0-08-332Y;3;0010;170;1,63;900
B0-08-332Z;4;0010;170;1,63;900
B0-08-340A;1;0052;150;1,44;1000
B0-08-340X;2;0010;170;1,63;900
B0-08-340Y;3;0010;170;1,63;900
B0-08-340Z;4;0010;170;1,63;900
B0-08-341A;1;0050;150;1,44;1000
B0-08-341X;2;0010;170;1,63;900
B0-08-341Y;3;0010;170;1,63;900
B0-08-341Z;4;0010;170;1,63;900
B0-08-342A;1;0052;150;1,44;1000
B0-08-342X;2;0010;170;1,63;900
B0-08-342Y;3;0010;170;1,63;900
B0-08-342Z;4;0010;170;1,63;900
B0-08-350A;1;0052;150;1,44;1000
B0-08-350X;2;0010;170;1,63;900
B0-08-350Y;3;0010;170;1,63;900
B0-08-350Z;4;0010;170;1,63;900
B0-08-351A;1;0052;150;1,44;1000
B0-08-351X;2;0010;170;1,63;900
B0-08-351Y;3;0010;170;1,63;900
B0-08-351Z;4;0010;170;1,63;900
B0-08-352A;1;0052;150;1,44;1000
B0-08-352X;2;0010;170;1,63;900
B0-08-352Y;3;0010;170;1,63;900
B0-08-352Z;4;0010;170;1,63;900
B0-08-360A;1;0052;150;1,44;1000
B0-08-360X;2;0010;170;1,63;900
B0-08-360Y;3;0010;170;1,63;900
B0-08-360Z;4;0010;170;1,63;900
B0-08-361A;1;0052;150;1,44;1000
B0-08-361X;2;0010;170;1,63;900
B0-08-361Y;3;0010;170;1,63;900
B0-08-361Z;4;0010;170;1,63;900
B0-08-362A;1;0052;150;1,44;1000
B0-08-362X;2;0010;170;1,63;900
B0-08-362Y;3;0010;170;1,63;900
B0-08-362Z;4;0010;170;1,63;900
B0-08-370A;1;0052;150;1,44;1000
B0-08-370X;2;0010;170;1,63;900
B0-08-370Y;3;0010;170;1,63;900
B0-08-370Z;4;0010;170;1,63;900
B0-08-371A;1;0052;150;1,44;1000
B0-08-371X;2;0010;170;1,63;900
B0-08-371Y;3;0010;170;1,63;900
B0-08-371Z;4;0010;170;1,63;900
B0-08-372A;1;0052;150;1,44;1000
B0-08-372X;2;0010;170;1,63;900
B0-08-372Y;3;0010;170;1,63;900
B0-08-372Z;4;0010;170;1,63;900
B0-08-380A;1;0052;150;1,44;1000
B0-08-380X;2;0010;170;1,63;900
B0-08-380Y;3;0010;170;1,63;900
B0-08-380Z;4;0010;170;1,63;900
B0-08-381A;1;0052;150;1,44;1000
B0-08-381X;2;0010;170;1,63;900
B0-08-381Y;3;0010;170;1,63;900
B0-08-381Z;4;0010;170;1,63;900
B0-08-382A;1;0052;150;1,44;1000
B0-08-382X;2;0010;170;1,63;900
B0-08-382Y;3;0010;170;1,63;900
B0-08-382Z;4;0010;170;1,63;900
B0-08-390A;1;0052;150;1,44;1000
B0-08-390X;2;0010;170;1,63;900
B0-08-390Y;3;0010;170;1,63;900
B0-08-390Z;4;0010;170;1,63;900
B0-08-391A;1;0052;150;1,44;1000
B0-08-391X;2;0010;170;1,63;900
B0-08-391Y;3;0010;170;1,63;900
B0-08-391Z;4;0010;170;1,63;900
B0-08-392A;1;0052;150;1,44;1000
B0-08-392X;2;0010;170;1,63;900
B0-08-392Y;3;0010;170;1,63;900
B0-08-392Z;4;0010;170;1,63;900
B0-08-400A;1;0050;150;1,44;1000
B0-08-400X;2;0010;170;1,63;900
B0-08-400Y;3;0010;170;1,63;900
B0-08-400Z;4;0010;170;1,63;900
B0-08-401A;1;0052;150;1,44;1000
B0-08-401X;2;0010;170;1,63;900
B0-08-401Y;3;0010;170;1,63;900
B0-08-401Z;4;0010;170;1,63;900
B0-08-402A;1;0052;150;1,44;1000
B0-08-402X;2;0010;170;1,63;900
B0-08-402Y;3;0010;170;1,63;900
B0-08-402Z;4;0010;170;1,63;900
B0-08-410A;1;0052;150;1,44;1000
B0-08-410X;2;0010;170;1,63;900
B0-08-410Y;3;0010;170;1,63;900
B0-08-410Z;4;0010;170;1,63;900
B0-08-411A;1;0052;150;1,44;1000
B0-08-411X;2;0010;170;1,63;900
B0-08-411Y;3;0010;170;1,63;900
B0-08-411Z;4;0010;170;1,63;900
B0-08-412A;1;0052;150;1,44;1000
B0-08-412X;2;0010;170;1,63;900
B0-08-412Y;3;0010;170;1,63;900
B0-08-412Z;4;0010;170;1,63;900
B0-08-420A;1;0052;150;1,44;1000
B0-08-420X;2;0010;170;1,63;900
B0-08-420Y;3;0010;170;1,63;900
B0-08-420Z;4;0010;170;1,63;900
B0-08-421A;1;0052;150;1,44;1000
B0-08-421X;2;0010;170;1,63;900
B0-08-421Y;3;0010;170;1,63;900
B0-08-421Z;4;0010;170;1,63;900
B0-08-422A;1;0052;150;1,44;1000
B0-08-422X;2;0010;170;1,63;900
B0-08-422Y;3;0010;170;1,63;900
B0-08-422Z;4;0010;170;1,63;900
B0-08-430A;1;0052;150;1,44;1000
B0-08-430X;2;0010;170;1,63;900
B0-08-430Y;3;0010;170;1,63;900
B0-08-430Z;4;0010;170;1,63;900
B0-08-431A;1;0052;150;1,44;1000
B0-08-431X;2;0010;170;1,63;900
B0-08-431Y;3;0010;170;1,63;900
B0-08-431Z;4;0010;170;1,63;900
B0-08-432A;1;0052;150;1,44;1000
B0-08-432X;2;0010;170;1,63;900
B0-08-432Y;3;0010;170;1,63;900
B0-08-432Z;4;0010;170;1,63;900
B0-08-440A;1;0052;150;1,44;1000
B0-08-440X;2;0010;170;1,63;900
B0-08-440Y;3;0010;170;1,63;900
B0-08-440Z;4;0010;170;1,63;900
B0-08-441A;1;0052;150;1,44;1000
B0-08-441X;2;0010;170;1,63;900
B0-08-441Y;3;0010;170;1,63;900
B0-08-441Z;4;0010;170;1,63;900
B0-08-442A;1;0052;150;1,44;1000
B0-08-442X;2;0010;170;1,63;900
B0-08-442Y;3;0010;170;1,63;900
B0-08-442Z;4;0010;170;1,63;900
B0-08-450A;1;0052;150;1,44;1000
B0-08-450X;2;0010;170;1,63;900
B0-08-450Y;3;0010;170;1,63;900
B0-08-450Z;4;0010;170;1,63;900
B0-08-451A;1;0052;150;1,44;1000
B0-08-451X;2;0010;170;1,63;900
B0-08-451Y;3;0010;170;1,63;900
B0-08-451Z;4;0010;170;1,63;900
B0-08-452A;1;0050;150;1,44;1000
B0-08-452X;2;0010;170;1,63;900
B0-08-452Y;3;0010;170;1,63;900
B0-08-452Z;4;0010;170;1,63;900
B0-08-460A;1;0052;150;1,44;1000
B0-08-460X;2;0010;170;1,63;900
B0-08-460Y;3;0010;170;1,63;900
B0-08-460Z;4;0010;170;1,63;900
B0-08-461A;1;0052;150;1,44;1000
B0-08-461X;2;0010;170;1,63;900
B0-08-461Y;3;0010;170;1,63;900
B0-08-461Z;4;0010;170;1,63;900
B0-08-462A;1;0052;150;1,44;1000
B0-08-462X;2;0010;170;1,63;900
B0-08-462Y;3;0010;170;1,63;900
B0-08-462Z;4;0010;170;1,63;900
B0-08-470A;1;0052;150;1,44;1000
B0-08-470X;2;0010;170;1,63;900
B0-08-470Y;3;0010;170;1,63;900
B0-08-470Z;4;0010;170;1,63;900
B0-08-471A;1;0052;150;1,44;1000
B0-08-471X;2;0010;170;1,63;900
B0-08-471Y;3;0010;170;1,63;900
B0-08-471Z;4;0010;170;1,63;900
B0-08-472A;1;0052;150;1,44;1000
B0-08-472X;2;0010;170;1,63;900
B0-08-472Y;3;0010;170;1,63;900
B0-08-472Z;4;0010;170;1,63;900
B0-08-480A;1;0052;150;1,44;1000
B0-08-480X;2;0010;170;1,63;900
B0-08-480Y;3;0010;170;1,63;900
B0-08-480Z;4;0010;170;1,63;900
B0-08-481A;1;0052;150;1,44;1000
B0-08-481X;2;0010;170;1,63;900
B0-08-481Y;3;0010;170;1,63;900
B0-08-481Z;4;0010;170;1,63;900
B0-08-482A;1;0052;150;1,44;1000
B0-08-482X;2;0010;170;1,63;900
B0-08-482Y;3;0010;170;1,63;900
B0-08-482Z;4;0010;170;1,63;900
B0-09-100A;1;0052;150;1,44;1000
B0-09-100B;1;0011;120;1,15;300
B0-09-100C;1;0011;70;0,67;300
B0-09-100D;1;0011;70;0,67;300
B0-09-100X;2;0010;170;1,63;900
B0-09-100Y;3;0010;170;1,63;900
B0-09-100Z;4;0010;170;1,63;900
B0-09-101B;1;0011;120;1,15;300
B0-09-101C;1;0011;70;0,67;300
B0-09-101D;1;0011;70;0,67;300
B0-09-101X;2;0010;170;1,63;900
B0-09-101Y;3;0010;170;1,63;900
B0-09-101Z;4;0010;170;1,63;900
B0-09-110B;1;0011;120;1,15;300
B0-09-110C;1;0011;70;0,67;300
B0-09-110D;1;0011;70;0,67;300
B0-09-110X;2;0010;170;1,63;900
B0-09-110Y;3;0010;170;1,63;900
B0-09-110Z;4;0010;170;1,63;900
B0-09-111B;1;0011;120;1,15;300
B0-09-111C;1;0011;70;0,67;300
B0-09-111D;1;0011;70;0,67;300
B0-09-111X;2;0010;170;1,63;900
B0-09-111Y;3;0010;170;1,63;900
B0-09-111Z;4;0010;170;1,63;900
B0-09-120B;1;0011;120;1,15;300
B0-09-120C;1;0011;70;0,67;300
B0-09-120D;1;0011;70;0,67;300
B0-09-120X;2;0010;170;1,63;900
B0-09-120Y;3;0010;170;1,63;900
B0-09-120Z;4;0010;170;1,63;900
B0-09-121B;1;0011;120;1,15;300
B0-09-121C;1;0011;70;0,67;300
B0-09-121D;1;0011;70;0,67;300
B0-09-121X;2;0010;170;1,63;900
B0-09-121Y;3;0010;170;1,63;900
B0-09-121Z;4;0010;170;1,63;900
B0-09-130B;1;0011;120;1,15;300
B0-09-130C;1;0011;70;0,67;300
B0-09-130D;1;0011;70;0,67;300
B0-09-130X;2;0010;170;1,63;900
B0-09-130Y;3;0010;170;1,63;900
B0-09-130Z;4;0010;170;1,63;900
B0-09-131B;1;0011;120;1,15;300
B0-09-131C;1;0011;70;0,67;300
B0-09-131D;1;0011;70;0,67;300
B0-09-131X;2;0010;170;1,63;900
B0-09-131Y;3;0010;170;1,63;900
B0-09-131Z;4;0010;170;1,63;900
B0-09-140B;1;0011;120;1,15;300
B0-09-140C;1;0011;70;0,67;300
B0-09-140D;1;0011;70;0,67;300
B0-09-140X;2;0010;170;1,63;900
B0-09-140Y;3;0010;170;1,63;900
B0-09-140Z;4;0010;170;1,63;900
B0-09-141B;1;0011;120;1,15;300
B0-09-141C;1;0011;70;0,67;300
B0-09-141D;1;0011;70;0,67;300
B0-09-141X;2;0010;170;1,63;900
B0-09-141Y;3;0010;170;1,63;900
B0-09-141Z;4;0010;170;1,63;900
B0-09-150B;1;0011;120;1,15;300
B0-09-150C;1;0011;70;0,67;300
B0-09-150D;1;0011;70;0,67;300
B0-09-150X;2;0010;170;1,63;900
B0-09-150Y;3;0010;170;1,63;900
B0-09-150Z;4;0010;170;1,63;900
B0-09-151B;1;0011;120;1,15;300
B0-09-151C;1;0011;70;0,67;300
B0-09-151D;1;0011;70;0,67;300
B0-09-151X;2;0010;170;1,63;900
B0-09-151Y;3;0010;170;1,63;900
B0-09-151Z;4;0010;170;1,63;900
B0-09-160B;1;0011;120;1,15;300
B0-09-160C;1;0011;70;0,67;300
B0-09-160D;1;0011;70;0,67;300
B0-09-160X;2;0010;170;1,63;900
B0-09-160Y;3;0010;170;1,63;900
B0-09-160Z;4;0010;170;1,63;900
B0-09-161B;1;0011;120;1,15;300
B0-09-161C;1;0011;70;0,67;300
B0-09-161D;1;0011;70;0,67;300
B0-09-161X;2;0010;170;1,63;900
B0-09-161Y;3;0010;170;1,63;900
B0-09-161Z;4;0010;170;1,63;900
B0-09-170B;1;0011;120;1,15;300
B0-09-170C;1;0011;70;0,67;300
B0-09-170D;1;0011;70;0,67;300
B0-09-170X;2;0010;170;1,63;900
B0-09-170Y;3;0010;170;1,63;900
B0-09-170Z;4;0010;170;1,63;900
B0-09-171B;1;0011;120;1,15;300
B0-09-171C;1;0011;70;0,67;300
B0-09-171D;1;0011;70;0,67;300
B0-09-171X;2;0010;170;1,63;900
B0-09-171Y;3;0010;170;1,63;900
B0-09-171Z;4;0010;170;1,63;900
B0-09-180B;1;0011;120;1,15;300
B0-09-180C;1;0011;70;0,67;300
B0-09-180D;1;0011;70;0,67;300
B0-09-180X;2;0010;170;1,63;900
B0-09-180Y;3;0010;170;1,63;900
B0-09-180Z;4;0010;170;1,63;900
B0-09-181B;1;0011;120;1,15;300
B0-09-181C;1;0011;70;0,67;300
B0-09-181D;1;0011;70;0,67;300
B0-09-181X;2;0010;170;1,63;900
B0-09-181Y;3;0010;170;1,63;900
B0-09-181Z;4;0010;170;1,63;900
B0-09-190B;1;0011;120;1,15;300
B0-09-190C;1;0011;70;0,67;300
B0-09-190D;1;0011;70;0,67;300
B0-09-190X;2;0010;170;1,63;900
B0-09-190Y;3;0010;170;1,63;900
B0-09-190Z;4;0010;170;1,63;900
B0-09-191B;1;0011;120;1,15;300
B0-09-191C;1;0011;70;0,67;300
B0-09-191D;1;0011;70;0,67;300
B0-09-191X;2;0010;170;1,63;900
B0-09-191Y;3;0010;170;1,63;900
B0-09-191Z;4;0010;170;1,63;900
B0-09-200B;1;0011;120;1,15;300
B0-09-200C;1;0011;70;0,67;300
B0-09-200D;1;0011;70;0,67;300
B0-09-200X;2;0010;170;1,63;900
B0-09-200Y;3;0010;170;1,63;900
B0-09-200Z;4;0010;170;1,63;900
B0-09-201B;1;0011;120;1,15;300
B0-09-201C;1;0011;70;0,67;300
B0-09-201D;1;0011;70;0,67;300
B0-09-201X;2;0010;170;1,63;900
B0-09-201Y;3;0010;170;1,63;900
B0-09-201Z;4;0010;170;1,63;900
B0-09-210B;1;0011;120;1,15;300
B0-09-210C;1;0011;70;0,67;300
B0-09-210D;1;0011;70;0,67;300
B0-09-210X;2;0010;170;1,63;900
B0-09-210Y;3;0010;170;1,63;900
B0-09-210Z;4;0010;170;1,63;900
B0-09-211B;1;0011;120;1,15;300
B0-09-211C;1;0011;70;0,67;300
B0-09-211D;1;0011;70;0,67;300
B0-09-211X;2;0010;170;1,63;900
B0-09-211Y;3;0010;170;1,63;900
B0-09-211Z;4;0010;170;1,63;900
B0-09-220B;1;0011;120;1,15;300
B0-09-220C;1;0011;70;0,67;300
B0-09-220D;1;0011;70;0,67;300
B0-09-220X;2;0010;170;1,63;900
B0-09-220Y;3;0010;170;1,63;900
B0-09-220Z;4;0010;170;1,63;900
B0-09-221B;1;0011;120;1,15;300
B0-09-221C;1;0011;70;0,67;300
B0-09-221D;1;0011;70;0,67;300
B0-09-221X;2;0010;170;1,63;900
B0-09-221Y;3;0010;170;1,63;900
B0-09-221Z;4;0010;170;1,63;900
B0-09-230B;1;0011;120;1,15;300
B0-09-230C;1;0011;70;0,67;300
B0-09-230D;1;0011;70;0,67;300
B0-09-230X;2;0010;170;1,63;900
B0-09-230Y;3;0010;170;1,63;900
B0-09-230Z;4;0010;170;1,63;900
B0-09-231B;1;0011;120;1,15;300
B0-09-231C;1;0011;70;0,67;300
B0-09-231D;1;0011;70;0,67;300
B0-09-231X;2;0010;170;1,63;900
B0-09-231Y;3;0010;170;1,63;900
B0-09-231Z;4;0010;170;1,63;900
B0-09-240B;1;0011;120;1,15;300
B0-09-240C;1;0011;70;0,67;300
B0-09-240D;1;0011;70;0,67;300
B0-09-240X;2;0010;170;1,63;900
B0-09-240Y;3;0010;170;1,63;900
B0-09-240Z;4;0010;170;1,63;900
B0-09-241B;1;0011;120;1,15;300
B0-09-241C;1;0011;70;0,67;300
B0-09-241D;1;0011;70;0,67;300
B0-09-241X;2;0010;170;1,63;900
B0-09-241Y;3;0010;170;1,63;900
B0-09-241Z;4;0010;170;1,63;900
B0-09-250B;1;0011;120;1,15;300
B0-09-250C;1;0011;70;0,67;300
B0-09-250D;1;0011;70;0,67;300
B0-09-250X;2;0010;170;1,63;900
B0-09-250Y;3;0010;170;1,63;900
B0-09-250Z;4;0010;170;1,63;900
B0-09-251B;1;0011;120;1,15;300
B0-09-251C;1;0011;70;0,67;300
B0-09-251D;1;0011;70;0,67;300
B0-09-251X;2;0010;170;1,63;900
B0-09-251Y;3;0010;170;1,63;900
B0-09-251Z;4;0010;170;1,63;900
B0-09-260B;1;0011;120;1,15;300
B0-09-260C;1;0011;70;0,67;300
B0-09-260D;1;0011;70;0,67;300
B0-09-260X;2;0010;170;1,63;900
B0-09-260Y;3;0010;170;1,63;900
B0-09-260Z;4;0010;170;1,63;900
B0-09-261B;1;0011;120;1,15;300
B0-09-261C;1;0011;70;0,67;300
B0-09-261D;1;0011;70;0,67;300
B0-09-261X;2;0010;170;1,63;900
B0-09-261Y;3;0010;170;1,63;900
B0-09-261Z;4;0010;170;1,63;900
B0-09-270B;1;0011;120;1,15;300
B0-09-270C;1;0011;70;0,67;300
B0-09-270D;1;0011;70;0,67;300
B0-09-270X;2;0010;170;1,63;900
B0-09-270Y;3;0010;170;1,63;900
B0-09-270Z;4;0010;170;1,63;900
B0-09-271B;1;0011;120;1,15;300
B0-09-271C;1;0011;70;0,67;300
B0-09-271D;1;0011;70;0,67;300
B0-09-271X;2;0010;170;1,63;900
B0-09-271Y;3;0010;170;1,63;900
B0-09-271Z;4;0010;170;1,63;900
B0-09-280B;1;0011;120;1,15;300
B0-09-280C;1;0011;70;0,67;300
B0-09-280D;1;0011;70;0,67;300
B0-09-280X;2;0010;170;1,63;900
B0-09-280Y;3;0010;170;1,63;900
B0-09-280Z;4;0010;170;1,63;900
B0-09-281B;1;0011;120;1,15;300
B0-09-281C;1;0011;70;0,67;300
B0-09-281D;1;0011;70;0,67;300
B0-09-281X;2;0010;170;1,63;900
B0-09-281Y;3;0010;170;1,63;900
B0-09-281Z;4;0010;170;1,63;900
B0-09-290B;1;0011;120;1,15;300
B0-09-290C;1;0011;70;0,67;300
B0-09-290D;1;0011;70;0,67;300
B0-09-290X;2;0010;170;1,63;900
B0-09-290Y;3;0010;170;1,63;900
B0-09-290Z;4;0010;170;1,63;900
B0-09-291B;1;0011;120;1,15;300
B0-09-291C;1;0011;70;0,67;300
B0-09-291D;1;0011;70;0,67;300
B0-09-291X;2;0010;170;1,63;900
B0-09-291Y;3;0010;170;1,63;900
B0-09-291Z;4;0010;170;1,63;900
B0-09-300B;1;0011;120;1,15;300
B0-09-300C;1;0011;70;0,67;300
B0-09-300D;1;0011;70;0,67;300
B0-09-300X;2;0010;170;1,63;900
B0-09-300Y;3;0010;170;1,63;900
B0-09-300Z;4;0010;170;1,63;900
B0-09-301B;1;0011;120;1,15;300
B0-09-301C;1;0011;70;0,67;300
B0-09-301D;1;0011;70;0,67;300
B0-09-301X;2;0010;170;1,63;900
B0-09-301Y;3;0010;170;1,63;900
B0-09-301Z;4;0010;170;1,63;900
B0-09-310B;1;0011;120;1,15;300
B0-09-310C;1;0011;70;0,67;300
B0-09-310D;1;0011;70;0,67;300
B0-09-310X;2;0010;170;1,63;900
B0-09-310Y;3;0010;170;1,63;900
B0-09-310Z;4;0010;170;1,63;900
B0-09-311B;1;0011;120;1,15;300
B0-09-311C;1;0011;70;0,67;300
B0-09-311D;1;0011;70;0,67;300
B0-09-311X;2;0010;170;1,63;900
B0-09-311Y;3;0010;170;1,63;900
B0-09-311Z;4;0010;170;1,63;900
B0-09-320B;1;0011;120;1,15;300
B0-09-320C;1;0011;70;0,67;300
B0-09-320D;1;0011;70;0,67;300
B0-09-320X;2;0010;170;1,63;900
B0-09-320Y;3;0010;170;1,63;900
B0-09-320Z;4;0010;170;1,63;900
B0-09-321B;1;0011;120;1,15;300
B0-09-321C;1;0011;70;0,67;300
B0-09-321D;1;0011;70;0,67;300
B0-09-321X;2;0010;170;1,63;900
B0-09-321Y;3;0010;170;1,63;900
B0-09-321Z;4;0010;170;1,63;900
B0-09-330B;1;0011;120;1,15;300
B0-09-330C;1;0011;70;0,67;300
B0-09-330D;1;0011;70;0,67;300
B0-09-330X;2;0010;170;1,63;900
B0-09-330Y;3;0010;170;1,63;900
B0-09-330Z;4;0010;170;1,63;900
B0-09-331B;1;0011;120;1,15;300
B0-09-331C;1;0011;70;0,67;300
B0-09-331D;1;0011;70;0,67;300
B0-09-331X;2;0010;170;1,63;900
B0-09-331Y;3;0010;170;1,63;900
B0-09-331Z;4;0010;170;1,63;900
B0-09-340B;1;0011;120;1,15;300
B0-09-340C;1;0011;70;0,67;300
B0-09-340D;1;0011;70;0,67;300
B0-09-340X;2;0010;170;1,63;900
B0-09-340Y;3;0010;170;1,63;900
B0-09-340Z;4;0010;170;1,63;900
B0-09-341B;1;0011;120;1,15;300
B0-09-341C;1;0011;70;0,67;300
B0-09-341D;1;0011;70;0,67;300
B0-09-341X;2;0010;170;1,63;900
B0-09-341Y;3;0010;170;1,63;900
B0-09-341Z;4;0010;170;1,63;900
B0-09-350B;1;0011;120;1,15;300
B0-09-350C;1;0011;70;0,67;300
B0-09-350D;1;0011;70;0,67;300
B0-09-350X;2;0010;170;1,63;900
B0-09-350Y;3;0010;170;1,63;900
B0-09-350Z;4;0010;170;1,63;900
B0-09-351B;1;0011;120;1,15;300
B0-09-351C;1;0011;70;0,67;300
B0-09-351D;1;0011;70;0,67;300
B0-09-351X;2;0010;170;1,63;900
B0-09-351Y;3;0010;170;1,63;900
B0-09-351Z;4;0010;170;1,63;900
B0-09-360B;1;0011;120;1,15;300
B0-09-360C;1;0011;70;0,67;300
B0-09-360D;1;0011;70;0,67;300
B0-09-360X;2;0010;170;1,63;900
B0-09-360Y;3;0010;170;1,63;900
B0-09-360Z;4;0010;170;1,63;900
B0-09-361B;1;0011;120;1,15;300
B0-09-361C;1;0011;70;0,67;300
B0-09-361D;1;0011;70;0,67;300
B0-09-361X;2;0010;170;1,63;900
B0-09-361Y;3;0010;170;1,63;900
B0-09-361Z;4;0010;170;1,63;900
B0-09-370B;1;0011;120;1,15;300
B0-09-370C;1;0011;70;0,67;300
B0-09-370D;1;0011;70;0,67;300
B0-09-370X;2;0010;170;1,63;900
B0-09-370Y;3;0010;170;1,63;900
B0-09-370Z;4;0010;170;1,63;900
B0-09-371B;1;0011;120;1,15;300
B0-09-371C;1;0011;70;0,67;300
B0-09-371D;1;0011;70;0,67;300
B0-09-371X;2;0010;170;1,63;900
B0-09-371Y;3;0010;170;1,63;900
B0-09-371Z;4;0010;170;1,63;900
B0-09-380B;1;0011;120;1,15;300
B0-09-380C;1;0011;70;0,67;300
B0-09-380D;1;0011;70;0,67;300
B0-09-380X;2;0010;170;1,63;900
B0-09-380Y;3;0010;170;1,63;900
B0-09-380Z;4;0010;170;1,63;900
B0-09-381B;1;0011;120;1,15;300
B0-09-381C;1;0011;70;0,67;300
B0-09-381D;1;0011;70;0,67;300
B0-09-381X;2;0010;170;1,63;900
B0-09-381Y;3;0010;170;1,63;900
B0-09-381Z;4;0010;170;1,63;900
B0-12-100A;1;0052;150;1,44;1000
B0-12-100X;2;0010;170;1,63;900
B0-12-100Y;3;0010;170;1,63;900
B0-12-100Z;4;0010;170;1,63;900
B0-12-101A;1;0052;150;1,44;1000
B0-12-101X;2;0010;170;1,63;900
B0-12-101Y;3;0010;170;1,63;900
B0-12-101Z;4;0010;170;1,63;900
B0-12-102A;1;0052;150;1,44;1000
B0-12-102X;2;0010;170;1,63;900
B0-12-102Y;3;0010;170;1,63;900
B0-12-102Z;4;0010;170;1,63;900
B0-12-110A;1;0052;150;1,44;1000
B0-12-110X;2;0010;170;1,63;900
B0-12-110Y;3;0010;170;1,63;900
B0-12-110Z;4;0010;170;1,63;900
B0-12-111A;1;0052;150;1,44;1000
B0-12-111X;2;0010;170;1,63;900
B0-12-111Y;3;0010;170;1,63;900
B0-12-111Z;4;0010;170;1,63;900
B0-12-112A;1;0052;150;1,44;1000
B0-12-112X;2;0010;170;1,63;900
B0-12-112Y;3;0010;170;1,63;900
B0-12-112Z;4;0010;170;1,63;900
B0-12-120A;1;0052;150;1,44;1000
B0-12-120X;2;0010;170;1,63;900
B0-12-120Y;3;0010;170;1,63;900
B0-12-120Z;4;0010;170;1,63;900
B0-12-121A;1;0052;150;1,44;1000
B0-12-121X;2;0010;170;1,63;900
B0-12-121Y;3;0010;170;1,63;900
B0-12-121Z;4;0010;170;1,63;900
B0-12-122A;1;0052;150;1,44;1000
B0-12-122X;2;0010;170;1,63;900
B0-12-122Y;3;0010;170;1,63;900
B0-12-122Z;4;0010;170;1,63;900
B0-12-130A;1;0050;150;1,44;1000
B0-12-130X;2;0010;170;1,63;900
B0-12-130Y;3;0010;170;1,63;900
B0-12-130Z;4;0010;170;1,63;900
B0-12-131A;1;0052;150;1,44;1000
B0-12-131X;2;0010;170;1,63;900
B0-12-131Y;3;0010;170;1,63;900
B0-12-131Z;4;0010;170;1,63;900
B0-12-132A;1;0052;150;1,44;1000
B0-12-132X;2;0010;170;1,63;900
B0-12-132Y;3;0010;170;1,63;900
B0-12-132Z;4;0010;170;1,63;900
B0-12-140A;1;0052;150;1,44;1000
B0-12-140X;2;0010;170;1,63;900
B0-12-140Y;3;0010;170;1,63;900
B0-12-140Z;4;0010;170;1,63;900
B0-12-141A;1;0052;150;1,44;1000
B0-12-141X;2;0010;170;1,63;900
B0-12-141Y;3;0010;170;1,63;900
B0-12-141Z;4;0010;170;1,63;900
B0-12-142A;1;0052;150;1,44;1000
B0-12-142X;2;0010;170;1,63;900
B0-12-142Y;3;0010;170;1,63;900
B0-12-142Z;4;0010;170;1,63;900
B0-12-150A;1;0052;150;1,44;1000
B0-12-150X;2;0010;170;1,63;900
B0-12-150Y;3;0010;170;1,63;900
B0-12-150Z;4;0010;170;1,63;900
B0-12-151A;1;0052;150;1,44;1000
B0-12-151X;2;0010;170;1,63;900
B0-12-151Y;3;0010;170;1,63;900
B0-12-151Z;4;0010;170;1,63;900
B0-12-152A;1;0052;150;1,44;1000
B0-12-152X;2;0010;170;1,63;900
B0-12-152Y;3;0010;170;1,63;900
B0-12-152Z;4;0010;170;1,63;900
B0-12-160A;1;0052;150;1,44;1000
B0-12-160X;2;0010;170;1,63;900
B0-12-160Y;3;0010;170;1,63;900
B0-12-160Z;4;0010;170;1,63;900
B0-12-161A;1;0052;150;1,44;1000
B0-12-161X;2;0010;170;1,63;900
B0-12-161Y;3;0010;170;1,63;900
B0-12-161Z;4;0010;170;1,63;900
B0-12-162A;1;0052;150;1,44;1000
B0-12-162X;2;0010;170;1,63;900
B0-12-162Y;3;0010;170;1,63;900
B0-12-162Z;4;0010;170;1,63;900
B0-12-170A;1;0052;150;1,44;1000
B0-12-170X;2;0010;170;1,63;900
B0-12-170Y;3;0010;170;1,63;900
B0-12-170Z;4;0010;170;1,63;900
B0-12-171A;1;0052;150;1,44;1000
B0-12-171X;2;0010;170;1,63;900
B0-12-171Y;3;0010;170;1,63;900
B0-12-171Z;4;0010;170;1,63;900
B0-12-172A;1;0052;150;1,44;1000
B0-12-172X;2;0010;170;1,63;900
B0-12-172Y;3;0010;170;1,63;900
B0-12-172Z;4;0010;170;1,63;900
B0-12-180A;1;0052;150;1,44;1000
B0-12-180X;2;0010;170;1,63;900
B0-12-180Y;3;0010;170;1,63;900
B0-12-180Z;4;0010;170;1,63;900
B0-12-181A;1;0052;150;1,44;1000
B0-12-181X;2;0010;170;1,63;900
B0-12-181Y;3;0010;170;1,63;900
B0-12-181Z;4;0010;170;1,63;900
B0-12-182A;1;0050;150;1,44;1000
B0-12-182X;2;0010;170;1,63;900
B0-12-182Y;3;0010;170;1,63;900
B0-12-182Z;4;0010;170;1,63;900
B0-12-190A;1;0052;150;1,44;1000
B0-12-190X;2;0010;170;1,63;900
B0-12-190Y;3;0010;170;1,63;900
B0-12-190Z;4;0010;170;1,63;900
B0-12-191A;1;0052;150;1,44;1000
B0-12-191X;2;0010;170;1,63;900
B0-12-191Y;3;0010;170;1,63;900
B0-12-191Z;4;0010;170;1,63;900
B0-12-192A;1;0052;150;1,44;1000
B0-12-192X;2;0010;170;1,63;900
B0-12-192Y;3;0010;170;1,63;900
B0-12-192Z;4;0010;170;1,63;900
B0-12-200A;1;0052;150;1,44;1000
B0-12-200X;2;0010;170;1,63;900
B0-12-200Y;3;0010;170;1,63;900
B0-12-200Z;4;0010;170;1,63;900
B0-12-201A;1;0052;150;1,44;1000
B0-12-201X;2;0010;170;1,63;900
B0-12-201Y;3;0010;170;1,63;900
B0-12-201Z;4;0010;170;1,63;900
B0-12-202A;1;0052;150;1,44;1000
B0-12-202X;2;0010;170;1,63;900
B0-12-202Y;3;0010;170;1,63;900
B0-12-202Z;4;0010;170;1,63;900
B0-12-210A;1;0052;150;1,44;1000
B0-12-210X;2;0010;170;1,63;900
B0-12-210Y;3;0010;170;1,63;900
B0-12-210Z;4;0010;170;1,63;900
B0-12-211A;1;0052;150;1,44;1000
B0-12-211X;2;0010;170;1,63;900
B0-12-211Y;3;0010;170;1,63;900
B0-12-211Z;4;0010;170;1,63;900
B0-12-212A;1;0052;150;1,44;1000
B0-12-212X;2;0010;170;1,63;900
B0-12-212Y;3;0010;170;1,63;900
B0-12-212Z;4;0010;170;1,63;900
B0-12-220A;1;0052;150;1,44;1000
B0-12-220X;2;0010;170;1,63;900
B0-12-220Y;3;0010;170;1,63;900
B0-12-220Z;4;0010;170;1,63;900
B0-12-221A;1;0052;150;1,44;1000
B0-12-221X;2;0010;170;1,63;900
B0-12-221Y;3;0010;170;1,63;900
B0-12-221Z;4;0010;170;1,63;900
B0-12-222A;1;0052;150;1,44;1000
B0-12-222X;2;0010;170;1,63;900
B0-12-222Y;3;0010;170;1,63;900
B0-12-222Z;4;0010;170;1,63;900
B0-12-230A;1;0052;150;1,44;1000
B0-12-230X;2;0010;170;1,63;900
B0-12-230Y;3;0010;170;1,63;900
B0-12-230Z;4;0010;170;1,63;900
B0-12-231A;1;0052;150;1,44;1000
B0-12-231X;2;0010;170;1,63;900
B0-12-231Y;3;0010;170;1,63;900
B0-12-231Z;4;0010;170;1,63;900
B0-12-232A;1;0052;150;1,44;1000
B0-12-232X;2;0010;170;1,63;900
B0-12-232Y;3;0010;170;1,63;900
B0-12-232Z;4;0010;170;1,63;900
B0-12-240A;1;0052;150;1,44;1000
B0-12-240X;2;0010;170;1,63;900
B0-12-240Y;3;0010;170;1,63;900
B0-12-240Z;4;0010;170;1,63;900
B0-12-241A;1;0050;150;1,44;1000
B0-12-241X;2;0010;170;1,63;900
B0-12-241Y;3;0010;170;1,63;900
B0-12-241Z;4;0010;170;1,63;900
B0-12-242A;1;0052;150;1,44;1000
B0-12-242X;2;0010;170;1,63;900
B0-12-242Y;3;0010;170;1,63;900
B0-12-242Z;4;0010;170;1,63;900
B0-12-250Y;3;0010;170;1,63;900
B0-12-250Z;4;0010;170;1,63;900
B0-12-251Y;3;0010;170;1,63;900
B0-12-251Z;4;0010;170;1,63;900
B0-12-252Y;3;0010;170;1,63;900
B0-12-252Z;4;0010;170;1,63;900
B0-12-260Y;3;0010;170;1,63;900
B0-12-260Z;4;0010;170;1,63;900
B0-12-261Y;3;0010;170;1,63;900
B0-12-261Z;4;0010;170;1,63;900
B0-12-262Y;3;0010;170;1,63;900
B0-12-262Z;4;0010;170;1,63;900
B0-12-270A;1;0052;150;1,44;1000
B0-12-270X;2;0010;170;1,63;900
B0-12-270Y;3;0010;170;1,63;900
B0-12-270Z;4;0010;170;1,63;900
B0-12-271A;1;0052;150;1,44;1000
B0-12-271X;2;0010;170;1,63;900
B0-12-271Y;3;0010;170;1,63;900
B0-12-271Z;4;0010;170;1,63;900
B0-12-272A;1;0052;150;1,44;1000
B0-12-272X;2;0010;170;1,63;900
B0-12-272Y;3;0010;170;1,63;900
B0-12-272Z;4;0010;170;1,63;900
B0-12-280A;1;0052;150;1,44;1000
B0-12-280X;2;0010;170;1,63;900
B0-12-280Y;3;0010;170;1,63;900
B0-12-280Z;4;0010;170;1,63;900
B0-12-281A;1;0052;150;1,44;1000
B0-12-281X;2;0010;170;1,63;900
B0-12-281Y;3;0010;170;1,63;900
B0-12-281Z;4;0010;170;1,63;900
B0-12-282A;1;0052;150;1,44;1000
B0-12-282X;2;0010;170;1,63;900
B0-12-282Y;3;0010;170;1,63;900
B0-12-282Z;4;0010;170;1,63;900
B0-12-290A;1;0052;150;1,44;1000
B0-12-290X;2;0010;170;1,63;900
B0-12-290Y;3;0010;170;1,63;900
B0-12-290Z;4;0010;170;1,63;900
B0-12-291A;1;0052;150;1,44;1000
B0-12-291X;2;0010;170;1,63;900
B0-12-291Y;3;0010;170;1,63;900
B0-12-291Z;4;0010;170;1,63;900
B0-12-292A;1;0052;150;1,44;1000
B0-12-292X;2;0010;170;1,63;900
B0-12-292Y;3;0010;170;1,63;900
B0-12-292Z;4;0010;170;1,63;900
B0-12-300A;1;0052;150;1,44;1000
B0-12-300X;2;0010;170;1,63;900
B0-12-300Y;3;0010;170;1,63;900
B0-12-300Z;4;0010;170;1,63;900
B0-12-301A;1;0052;150;1,44;1000
B0-12-301X;2;0010;170;1,63;900
B0-12-301Y;3;0010;170;1,63;900
B0-12-301Z;4;0010;170;1,63;900
B0-12-302A;1;0052;150;1,44;1000
B0-12-302X;2;0010;170;1,63;900
B0-12-302Y;3;0010;170;1,63;900
B0-12-302Z;4;0010;170;1,63;900
B0-12-310A;1;0050;150;1,44;1000
B0-12-310X;2;0010;170;1,63;900
B0-12-310Y;3;0010;170;1,63;900
B0-12-310Z;4;0010;170;1,63;900
B0-12-311A;1;0052;150;1,44;1000
B0-12-311X;2;0010;170;1,63;900
B0-12-311Y;3;0010;170;1,63;900
B0-12-311Z;4;0010;170;1,63;900
B0-12-312A;1;0052;150;1,44;1000
B0-12-312X;2;0010;170;1,63;900
B0-12-312Y;3;0010;170;1,63;900
B0-12-312Z;4;0010;170;1,63;900
B0-12-320A;1;0052;150;1,44;1000
B0-12-320X;2;0010;170;1,63;900
B0-12-320Y;3;0010;170;1,63;900
B0-12-320Z;4;0010;170;1,63;900
B0-12-321A;1;0052;150;1,44;1000
B0-12-321X;2;0010;170;1,63;900
B0-12-321Y;3;0010;170;1,63;900
B0-12-321Z;4;0010;170;1,63;900
B0-12-322A;1;0052;150;1,44;1000
B0-12-322X;2;0010;170;1,63;900
B0-12-322Y;3;0010;170;1,63;900
B0-12-322Z;4;0010;170;1,63;900
B0-12-330A;1;0052;150;1,44;1000
B0-12-330X;2;0010;170;1,63;900
B0-12-330Y;3;0010;170;1,63;900
B0-12-330Z;4;0010;170;1,63;900
B0-12-331A;1;0052;150;1,44;1000
B0-12-331X;2;0010;170;1,63;900
B0-12-331Y;3;0010;170;1,63;900
B0-12-331Z;4;0010;170;1,63;900
B0-12-332A;1;0052;150;1,44;1000
B0-12-332X;2;0010;170;1,63;900
B0-12-332Y;3;0010;170;1,63;900
B0-12-332Z;4;0010;170;1,63;900
B0-12-340A;1;0052;150;1,44;1000
B0-12-340X;2;0010;170;1,63;900
B0-12-340Y;3;0010;170;1,63;900
B0-12-340Z;4;0010;170;1,63;900
B0-12-341A;1;0052;150;1,44;1000
B0-12-341X;2;0010;170;1,63;900
B0-12-341Y;3;0010;170;1,63;900
B0-12-341Z;4;0010;170;1,63;900
B0-12-342A;1;0052;150;1,44;1000
B0-12-342X;2;0010;170;1,63;900
B0-12-342Y;3;0010;170;1,63;900
B0-12-342Z;4;0010;170;1,63;900
B0-12-350A;1;0052;150;1,44;1000
B0-12-350X;2;0010;170;1,63;900
B0-12-350Y;3;0010;170;1,63;900
B0-12-350Z;4;0010;170;1,63;900
B0-12-351A;1;0052;150;1,44;1000
B0-12-351X;2;0010;170;1,63;900
B0-12-351Y;3;0010;170;1,63;900
B0-12-351Z;4;0010;170;1,63;900
B0-12-352A;1;0052;150;1,44;1000
B0-12-352X;2;0010;170;1,63;900
B0-12-352Y;3;0010;170;1,63;900
B0-12-352Z;4;0010;170;1,63;900
B0-12-360A;1;0052;150;1,44;1000
B0-12-360X;2;0010;170;1,63;900
B0-12-360Y;3;0010;170;1,63;900
B0-12-360Z;4;0010;170;1,63;900
B0-12-361A;1;0052;150;1,44;1000
B0-12-361X;2;0010;170;1,63;900
B0-12-361Y;3;0010;170;1,63;900
B0-12-361Z;4;0010;170;1,63;900
B0-12-362A;1;0050;150;1,44;1000
B0-12-362X;2;0010;170;1,63;900
B0-12-362Y;3;0010;170;1,63;900
B0-12-362Z;4;0010;170;1,63;900
B0-12-370A;1;0052;150;1,44;1000
B0-12-370X;2;0010;170;1,63;900
B0-12-370Y;3;0010;170;1,63;900
B0-12-370Z;4;0010;170;1,63;900
B0-12-371A;1;0052;150;1,44;1000
B0-12-371X;2;0010;170;1,63;900
B0-12-371Y;3;0010;170;1,63;900
B0-12-371Z;4;0010;170;1,63;900
B0-12-372A;1;0052;150;1,44;1000
B0-12-372X;2;0010;170;1,63;900
B0-12-372Y;3;0010;170;1,63;900
B0-12-372Z;4;0010;170;1,63;900
B0-12-380A;1;0052;150;1,44;1000
B0-12-380X;2;0010;170;1,63;900
B0-12-380Y;3;0010;170;1,63;900
B0-12-380Z;4;0010;170;1,63;900
B0-12-381A;1;0052;150;1,44;1000
B0-12-381X;2;0010;170;1,63;900
B0-12-381Y;3;0010;170;1,63;900
B0-12-381Z;4;0010;170;1,63;900
B0-12-382A;1;0052;150;1,44;1000
B0-12-382X;2;0010;170;1,63;900
B0-12-382Y;3;0010;170;1,63;900
B0-12-382Z;4;0010;170;1,63;900
B0-12-390A;1;0052;150;1,44;1000
B0-12-390X;2;0010;170;1,63;900
B0-12-390Y;3;0010;170;1,63;900
B0-12-390Z;4;0010;170;1,63;900
B0-12-391A;1;0052;150;1,44;1000
B0-12-391X;2;0010;170;1,63;900
B0-12-391Y;3;0010;170;1,63;900
B0-12-391Z;4;0010;170;1,63;900
B0-12-392A;1;0052;150;1,44;1000
B0-12-392X;2;0010;170;1,63;900
B0-12-392Y;3;0010;170;1,63;900
B0-12-392Z;4;0010;170;1,63;900
B0-12-400A;1;0052;150;1,44;1000
B0-12-400X;2;0010;170;1,63;900
B0-12-400Y;3;0010;170;1,63;900
B0-12-400Z;4;0010;170;1,63;900
B0-12-401A;1;0052;150;1,44;1000
B0-12-401X;2;0010;170;1,63;900
B0-12-401Y;3;0010;170;1,63;900
B0-12-401Z;4;0010;170;1,63;900
B0-12-402A;1;0052;150;1,44;1000
B0-12-402X;2;0010;170;1,63;900
B0-12-402Y;3;0010;170;1,63;900
B0-12-402Z;4;0010;170;1,63;900
B0-12-410A;1;0052;150;1,44;1000
B0-12-410X;2;0010;170;1,63;900
B0-12-410Y;3;0010;170;1,63;900
B0-12-410Z;4;0010;170;1,63;900
B0-12-411A;1;0052;150;1,44;1000
B0-12-411X;2;0010;170;1,63;900
B0-12-411Y;3;0010;170;1,63;900
B0-12-411Z;4;0010;170;1,63;900
B0-12-412A;1;0052;150;1,44;1000
B0-12-412X;2;0010;170;1,63;900
B0-12-412Y;3;0010;170;1,63;900
B0-12-412Z;4;0010;170;1,63;900
B0-12-420A;1;0052;150;1,44;1000
B0-12-420X;2;0010;170;1,63;900
B0-12-420Y;3;0010;170;1,63;900
B0-12-420Z;4;0010;170;1,63;900
B0-12-421A;1;0050;150;1,44;1000
B0-12-421X;2;0010;170;1,63;900
B0-12-421Y;3;0010;170;1,63;900
B0-12-421Z;4;0010;170;1,63;900
B0-12-422A;1;0052;150;1,44;1000
B0-12-422X;2;0010;170;1,63;900
B0-12-422Y;3;0010;170;1,63;900
B0-12-422Z;4;0010;170;1,63;900
B0-12-430A;1;0052;150;1,44;1000
B0-12-430X;2;0010;170;1,63;900
B0-12-430Y;3;0010;170;1,63;900
B0-12-430Z;4;0010;170;1,63;900
B0-12-431A;1;0052;150;1,44;1000
B0-12-431X;2;0010;170;1,63;900
B0-12-431Y;3;0010;170;1,63;900
B0-12-431Z;4;0010;170;1,63;900
B0-12-432A;1;0052;150;1,44;1000
B0-12-432X;2;0010;170;1,63;900
B0-12-432Y;3;0010;170;1,63;900
B0-12-432Z;4;0010;170;1,63;900
B0-12-440A;1;0052;150;1,44;1000
B0-12-440X;2;0010;170;1,63;900
B0-12-440Y;3;0010;170;1,63;900
B0-12-440Z;4;0010;170;1,63;900
B0-12-441A;1;0052;150;1,44;1000
B0-12-441X;2;0010;170;1,63;900
B0-12-441Y;3;0010;170;1,63;900
B0-12-441Z;4;0010;170;1,63;900
B0-12-442A;1;0052;150;1,44;1000
B0-12-442X;2;0010;170;1,63;900
B0-12-442Y;3;0010;170;1,63;900
B0-12-442Z;4;0010;170;1,63;900
B0-12-450A;1;0052;150;1,44;1000
B0-12-450X;2;0010;170;1,63;900
B0-12-450Y;3;0010;170;1,63;900
B0-12-450Z;4;0010;170;1,63;900
B0-12-451A;1;0052;150;1,44;1000
B0-12-451X;2;0010;170;1,63;900
B0-12-451Y;3;0010;170;1,63;900
B0-12-451Z;4;0010;170;1,63;900
B0-12-452A;1;0052;150;1,44;1000
B0-12-452X;2;0010;170;1,63;900
B0-12-452Y;3;0010;170;1,63;900
B0-12-452Z;4;0010;170;1,63;900
B0-12-460A;1;0052;150;1,44;1000
B0-12-460X;2;0010;170;1,63;900
B0-12-460Y;3;0010;170;1,63;900
B0-12-460Z;4;0010;170;1,63;900
B0-12-461A;1;0052;150;1,44;1000
B0-12-461X;2;0010;170;1,63;900
B0-12-461Y;3;0010;170;1,63;900
B0-12-461Z;4;0010;170;1,63;900
B0-12-462A;1;0052;150;1,44;1000
B0-12-462X;2;0010;170;1,63;900
B0-12-462Y;3;0010;170;1,63;900
B0-12-462Z;4;0010;170;1,63;900
B0-15-100B;1;0011;120;1,15;300
B0-15-100C;1;0011;70;0,67;300
B0-15-100D;1;0011;70;0,67;300
B0-15-100X;2;0010;170;1,63;900
B0-15-100Y;3;0010;170;1,63;900
B0-15-100Z;4;0010;170;1,63;900
B0-15-101B;1;0011;120;1,15;300
B0-15-101C;1;0011;70;0,67;300
B0-15-101D;1;0011;70;0,67;300
B0-15-101X;2;0010;170;1,63;900
B0-15-101Y;3;0010;170;1,63;900
B0-15-101Z;4;0010;170;1,63;900
B0-15-102B;1;0011;120;1,15;300
B0-15-102C;1;0011;70;0,67;300
B0-15-102D;1;0011;70;0,67;300
B0-15-102X;2;0010;170;1,63;900
B0-15-102Y;3;0010;170;1,63;900
B0-15-102Z;4;0010;170;1,63;900
B0-15-110B;1;0011;120;1,15;300
B0-15-110C;1;0011;70;0,67;300
B0-15-110D;1;0011;70;0,67;300
B0-15-110X;2;0010;170;1,63;900
B0-15-110Y;3;0010;170;1,63;900
B0-15-110Z;4;0010;170;1,63;900
B0-15-111B;1;0011;120;1,15;300
B0-15-111C;1;0011;70;0,67;300
B0-15-111D;1;0011;70;0,67;300
B0-15-111X;2;0010;170;1,63;900
B0-15-111Y;3;0010;170;1,63;900
B0-15-111Z;4;0010;170;1,63;900
B0-15-112B;1;0011;120;1,15;300
B0-15-112C;1;0011;70;0,67;300
B0-15-112D;1;0011;70;0,67;300
B0-15-112X;2;0010;170;1,63;900
B0-15-112Y;3;0010;170;1,63;900
B0-15-112Z;4;0010;170;1,63;900
B0-15-120B;1;0011;120;1,15;300
B0-15-120C;1;0011;70;0,67;300
B0-15-120D;1;0011;70;0,67;300
B0-15-120X;2;0010;170;1,63;900
B0-15-120Y;3;0010;170;1,63;900
B0-15-120Z;4;0010;170;1,63;900
B0-15-121B;1;0011;120;1,15;300
B0-15-121C;1;0011;70;0,67;300
B0-15-121D;1;0011;70;0,67;300
B0-15-121X;2;0010;170;1,63;900
B0-15-121Y;3;0010;170;1,63;900
B0-15-121Z;4;0010;170;1,63;900
B0-15-122B;1;0011;120;1,15;300
B0-15-122C;1;0011;70;0,67;300
B0-15-122D;1;0011;70;0,67;300
B0-15-122X;2;0010;170;1,63;900
B0-15-122Y;3;0010;170;1,63;900
B0-15-122Z;4;0010;170;1,63;900
B0-15-130B;1;0011;120;1,15;300
B0-15-130C;1;0011;70;0,67;300
B0-15-130D;1;0011;70;0,67;300
B0-15-130X;2;0010;170;1,63;900
B0-15-130Y;3;0010;170;1,63;900
B0-15-130Z;4;0010;170;1,63;900
B0-15-131B;1;0011;120;1,15;300
B0-15-131C;1;0011;70;0,67;300
B0-15-131D;1;0011;70;0,67;300
B0-15-131X;2;0010;170;1,63;900
B0-15-131Y;3;0010;170;1,63;900
B0-15-131Z;4;0010;170;1,63;900
B0-15-132B;1;0011;120;1,15;300
B0-15-132C;1;0011;70;0,67;300
B0-15-132D;1;0011;70;0,67;300
B0-15-132X;2;0010;170;1,63;900
B0-15-132Y;3;0010;170;1,63;900
B0-15-132Z;4;0010;170;1,63;900
B0-15-140B;1;0011;120;1,15;300
B0-15-140C;1;0011;70;0,67;300
B0-15-140D;1;0011;70;0,67;300
B0-15-140X;2;0010;170;1,63;900
B0-15-140Y;3;0010;170;1,63;900
B0-15-140Z;4;0010;170;1,63;900
B0-15-141B;1;0011;120;1,15;300
B0-15-141C;1;0011;70;0,67;300
B0-15-141D;1;0011;70;0,67;300
B0-15-141X;2;0010;170;1,63;900
B0-15-141Y;3;0010;170;1,63;900
B0-15-141Z;4;0010;170;1,63;900
B0-15-142B;1;0011;120;1,15;300
B0-15-142C;1;0011;70;0,67;300
B0-15-142D;1;0011;70;0,67;300
B0-15-142X;2;0010;170;1,63;900
B0-15-142Y;3;0010;170;1,63;900
B0-15-142Z;4;0010;170;1,63;900
B0-15-150B;1;0011;120;1,15;300
B0-15-150C;1;0011;70;0,67;300
B0-15-150D;1;0011;70;0,67;300
B0-15-150X;2;0010;170;1,63;900
B0-15-150Y;3;0010;170;1,63;900
B0-15-150Z;4;0010;170;1,63;900
B0-15-151B;1;0011;120;1,15;300
B0-15-151C;1;0011;70;0,67;300
B0-15-151D;1;0011;70;0,67;300
B0-15-151X;2;0010;170;1,63;900
B0-15-151Y;3;0010;170;1,63;900
B0-15-151Z;4;0010;170;1,63;900
B0-15-152B;1;0011;120;1,15;300
B0-15-152C;1;0011;70;0,67;300
B0-15-152D;1;0011;70;0,67;300
B0-15-152X;2;0010;170;1,63;900
B0-15-152Y;3;0010;170;1,63;900
B0-15-152Z;4;0010;170;1,63;900
B0-15-160B;1;0011;120;1,15;300
B0-15-160C;1;0011;70;0,67;300
B0-15-160D;1;0011;70;0,67;300
B0-15-160X;2;0010;170;1,63;900
B0-15-160Y;3;0010;170;1,63;900
B0-15-160Z;4;0010;170;1,63;900
B0-15-161B;1;0011;120;1,15;300
B0-15-161C;1;0011;70;0,67;300
B0-15-161D;1;0011;70;0,67;300
B0-15-161X;2;0010;170;1,63;900
B0-15-161Y;3;0010;170;1,63;900
B0-15-161Z;4;0010;170;1,63;900
B0-15-162B;1;0011;120;1,15;300
B0-15-162C;1;0011;70;0,67;300
B0-15-162D;1;0011;70;0,67;300
B0-15-162X;2;0010;170;1,63;900
B0-15-162Y;3;0010;170;1,63;900
B0-15-162Z;4;0010;170;1,63;900
B0-15-170B;1;0011;120;1,15;300
B0-15-170C;1;0011;70;0,67;300
B0-15-170D;1;0011;70;0,67;300
B0-15-170X;2;0010;170;1,63;900
B0-15-170Y;3;0010;170;1,63;900
B0-15-170Z;4;0010;170;1,63;900
B0-15-171B;1;0011;120;1,15;300
B0-15-171C;1;0011;70;0,67;300
B0-15-171D;1;0011;70;0,67;300
B0-15-171X;2;0010;170;1,63;900
B0-15-171Y;3;0010;170;1,63;900
B0-15-171Z;4;0010;170;1,63;900
B0-15-172B;1;0011;120;1,15;300
B0-15-172C;1;0011;70;0,67;300
B0-15-172D;1;0011;70;0,67;300
B0-15-172X;2;0010;170;1,63;900
B0-15-172Y;3;0010;170;1,63;900
B0-15-172Z;4;0010;170;1,63;900
B0-15-180B;1;0011;120;1,15;300
B0-15-180C;1;0011;70;0,67;300
B0-15-180D;1;0011;70;0,67;300
B0-15-180X;2;0010;170;1,63;900
B0-15-180Y;3;0010;170;1,63;900
B0-15-180Z;4;0010;170;1,63;900
B0-15-181B;1;0011;120;1,15;300
B0-15-181C;1;0011;70;0,67;300
B0-15-181D;1;0011;70;0,67;300
B0-15-181X;2;0010;170;1,63;900
B0-15-181Y;3;0010;170;1,63;900
B0-15-181Z;4;0010;170;1,63;900
B0-15-182B;1;0011;120;1,15;300
B0-15-182C;1;0011;70;0,67;300
B0-15-182D;1;0011;70;0,67;300
B0-15-182X;2;0010;170;1,63;900
B0-15-182Y;3;0010;170;1,63;900
B0-15-182Z;4;0010;170;1,63;900
B0-15-190B;1;0011;120;1,15;300
B0-15-190C;1;0011;70;0,67;300
B0-15-190D;1;0011;70;0,67;300
B0-15-190X;2;0010;170;1,63;900
B0-15-190Y;3;0010;170;1,63;900
B0-15-190Z;4;0010;170;1,63;900
B0-15-191B;1;0011;120;1,15;300
B0-15-191C;1;0011;70;0,67;300
B0-15-191D;1;0011;70;0,67;300
B0-15-191X;2;0010;170;1,63;900
B0-15-191Y;3;0010;170;1,63;900
B0-15-191Z;4;0010;170;1,63;900
B0-15-192B;1;0011;120;1,15;300
B0-15-192C;1;0011;70;0,67;300
B0-15-192D;1;0011;70;0,67;300
B0-15-192X;2;0010;170;1,63;900
B0-15-192Y;3;0010;170;1,63;900
B0-15-192Z;4;0010;170;1,63;900
B0-15-200B;1;0011;120;1,15;300
B0-15-200C;1;0011;70;0,67;300
B0-15-200D;1;0011;70;0,67;300
B0-15-200X;2;0010;170;1,63;900
B0-15-200Y;3;0010;170;1,63;900
B0-15-200Z;4;0010;170;1,63;900
B0-15-201B;1;0011;120;1,15;300
B0-15-201C;1;0011;70;0,67;300
B0-15-201D;1;0011;70;0,67;300
B0-15-201X;2;0010;170;1,63;900
B0-15-201Y;3;0010;170;1,63;900
B0-15-201Z;4;0010;170;1,63;900
B0-15-202B;1;0011;120;1,15;300
B0-15-202C;1;0011;70;0,67;300
B0-15-202D;1;0011;70;0,67;300
B0-15-202X;2;0010;170;1,63;900
B0-15-202Y;3;0010;170;1,63;900
B0-15-202Z;4;0010;170;1,63;900
B0-15-210B;1;0011;120;1,15;300
B0-15-210C;1;0011;70;0,67;300
B0-15-210D;1;0011;70;0,67;300
B0-15-210X;2;0010;170;1,63;900
B0-15-210Y;3;0010;170;1,63;900
B0-15-210Z;4;0010;170;1,63;900
B0-15-211B;1;0011;120;1,15;300
B0-15-211C;1;0011;70;0,67;300
B0-15-211D;1;0011;70;0,67;300
B0-15-211X;2;0010;170;1,63;900
B0-15-211Y;3;0010;170;1,63;900
B0-15-211Z;4;0010;170;1,63;900
B0-15-212B;1;0011;120;1,15;300
B0-15-212C;1;0011;70;0,67;300
B0-15-212D;1;0011;70;0,67;300
B0-15-212X;2;0010;170;1,63;900
B0-15-212Y;3;0010;170;1,63;900
B0-15-212Z;4;0010;170;1,63;900
B0-15-220B;1;0011;120;1,15;300
B0-15-220C;1;0011;70;0,67;300
B0-15-220D;1;0011;70;0,67;300
B0-15-220X;2;0010;170;1,63;900
B0-15-220Y;3;0010;170;1,63;900
B0-15-220Z;4;0010;170;1,63;900
B0-15-221B;1;0011;120;1,15;300
B0-15-221C;1;0011;70;0,67;300
B0-15-221D;1;0011;70;0,67;300
B0-15-221X;2;0010;170;1,63;900
B0-15-221Y;3;0010;170;1,63;900
B0-15-221Z;4;0010;170;1,63;900
B0-15-222B;1;0011;120;1,15;300
B0-15-222C;1;0011;70;0,67;300
B0-15-222D;1;0011;70;0,67;300
B0-15-222X;2;0010;170;1,63;900
B0-15-222Y;3;0010;170;1,63;900
B0-15-222Z;4;0010;170;1,63;900
B0-15-230B;1;0011;120;1,15;300
B0-15-230C;1;0011;70;0,67;300
B0-15-230D;1;0011;70;0,67;300
B0-15-230X;2;0010;170;1,63;900
B0-15-230Y;3;0010;170;1,63;900
B0-15-230Z;4;0010;170;1,63;900
B0-15-231B;1;0011;120;1,15;300
B0-15-231C;1;0011;70;0,67;300
B0-15-231D;1;0011;70;0,67;300
B0-15-231X;2;0010;170;1,63;900
B0-15-231Y;3;0010;170;1,63;900
B0-15-231Z;4;0010;170;1,63;900
B0-15-232B;1;0011;120;1,15;300
B0-15-232C;1;0011;70;0,67;300
B0-15-232D;1;0011;70;0,67;300
B0-15-232X;2;0010;170;1,63;900
B0-15-232Y;3;0010;170;1,63;900
B0-15-232Z;4;0010;170;1,63;900
B0-15-240B;1;0011;120;1,15;300
B0-15-240C;1;0011;70;0,67;300
B0-15-240D;1;0011;70;0,67;300
B0-15-240X;2;0010;170;1,63;900
B0-15-240Y;3;0010;170;1,63;900
B0-15-240Z;4;0010;170;1,63;900
B0-15-241B;1;0011;120;1,15;300
B0-15-241C;1;0011;70;0,67;300
B0-15-241D;1;0011;70;0,67;300
B0-15-241X;2;0010;170;1,63;900
B0-15-241Y;3;0010;170;1,63;900
B0-15-241Z;4;0010;170;1,63;900
B0-15-242B;1;0011;120;1,15;300
B0-15-242C;1;0011;70;0,67;300
B0-15-242D;1;0011;70;0,67;300
B0-15-242X;2;0010;170;1,63;900
B0-15-242Y;3;0010;170;1,63;900
B0-15-242Z;4;0010;170;1,63;900
B0-15-250B;1;0011;120;1,15;300
B0-15-250C;1;0011;70;0,67;300
B0-15-250D;1;0011;70;0,67;300
B0-15-250X;2;0010;170;1,63;900
B0-15-250Y;3;0010;170;1,63;900
B0-15-250Z;4;0010;170;1,63;900
B0-15-251B;1;0011;120;1,15;300
B0-15-251C;1;0011;70;0,67;300
B0-15-251D;1;0011;70;0,67;300
B0-15-251X;2;0010;170;1,63;900
B0-15-251Y;3;0010;170;1,63;900
B0-15-251Z;4;0010;170;1,63;900
B0-15-252B;1;0011;120;1,15;300
B0-15-252C;1;0011;70;0,67;300
B0-15-252D;1;0011;70;0,67;300
B0-15-252X;2;0010;170;1,63;900
B0-15-252Y;3;0010;170;1,63;900
B0-15-252Z;4;0010;170;1,63;900
B0-15-260B;1;0011;120;1,15;300
B0-15-260C;1;0011;70;0,67;300
B0-15-260D;1;0011;70;0,67;300
B0-15-260X;2;0010;170;1,63;900
B0-15-260Y;3;0010;170;1,63;900
B0-15-260Z;4;0010;170;1,63;900
B0-15-261B;1;0011;120;1,15;300
B0-15-261C;1;0011;70;0,67;300
B0-15-261D;1;0011;70;0,67;300
B0-15-261X;2;0010;170;1,63;900
B0-15-261Y;3;0010;170;1,63;900
B0-15-261Z;4;0010;170;1,63;900
B0-15-262B;1;0011;120;1,15;300
B0-15-262C;1;0011;70;0,67;300
B0-15-262D;1;0011;70;0,67;300
B0-15-262X;2;0010;170;1,63;900
B0-15-262Y;3;0010;170;1,63;900
B0-15-262Z;4;0010;170;1,63;900
B0-15-270B;1;0011;120;1,15;300
B0-15-270C;1;0011;70;0,67;300
B0-15-270D;1;0011;70;0,67;300
B0-15-270X;2;0010;170;1,63;900
B0-15-270Y;3;0010;170;1,63;900
B0-15-270Z;4;0010;170;1,63;900
B0-15-271B;1;0011;120;1,15;300
B0-15-271C;1;0011;70;0,67;300
B0-15-271D;1;0011;70;0,67;300
B0-15-271X;2;0010;170;1,63;900
B0-15-271Y;3;0010;170;1,63;900
B0-15-271Z;4;0010;170;1,63;900
B0-15-272B;1;0011;120;1,15;300
B0-15-272C;1;0011;70;0,67;300
B0-15-272D;1;0011;70;0,67;300
B0-15-272X;2;0010;170;1,63;900
B0-15-272Y;3;0010;170;1,63;900
B0-15-272Z;4;0010;170;1,63;900
B0-15-280B;1;0011;120;1,15;300
B0-15-280C;1;0011;70;0,67;300
B0-15-280D;1;0011;70;0,67;300
B0-15-280X;2;0010;170;1,63;900
B0-15-280Y;3;0010;170;1,63;900
B0-15-280Z;4;0010;170;1,63;900
B0-15-281B;1;0011;120;1,15;300
B0-15-281C;1;0011;70;0,67;300
B0-15-281D;1;0011;70;0,67;300
B0-15-281X;2;0010;170;1,63;900
B0-15-281Y;3;0010;170;1,63;900
B0-15-281Z;4;0010;170;1,63;900
B0-15-282B;1;0011;120;1,15;300
B0-15-282C;1;0011;70;0,67;300
B0-15-282D;1;0011;70;0,67;300
B0-15-282X;2;0010;170;1,63;900
B0-15-282Y;3;0010;170;1,63;900
B0-15-282Z;4;0010;170;1,63;900
B0-15-290B;1;0011;120;1,15;300
B0-15-290C;1;0011;70;0,67;300
B0-15-290D;1;0011;70;0,67;300
B0-15-290X;2;0010;170;1,63;900
B0-15-290Y;3;0010;170;1,63;900
B0-15-290Z;4;0010;170;1,63;900
B0-15-291B;1;0011;120;1,15;300
B0-15-291C;1;0011;70;0,67;300
B0-15-291D;1;0011;70;0,67;300
B0-15-291X;2;0010;170;1,63;900
B0-15-291Y;3;0010;170;1,63;900
B0-15-291Z;4;0010;170;1,63;900
B0-15-292B;1;0011;120;1,15;300
B0-15-292C;1;0011;70;0,67;300
B0-15-292D;1;0011;70;0,67;300
B0-15-292X;2;0010;170;1,63;900
B0-15-292Y;3;0010;170;1,63;900
B0-15-292Z;4;0010;170;1,63;900
B0-15-300B;1;0011;120;1,15;300
B0-15-300C;1;0011;70;0,67;300
B0-15-300D;1;0011;70;0,67;300
B0-15-300X;2;0010;170;1,63;900
B0-15-300Y;3;0010;170;1,63;900
B0-15-300Z;4;0010;170;1,63;900
B0-15-301B;1;0011;120;1,15;300
B0-15-301C;1;0011;70;0,67;300
B0-15-301D;1;0011;70;0,67;300
B0-15-301X;2;0010;170;1,63;900
B0-15-301Y;3;0010;170;1,63;900
B0-15-301Z;4;0010;170;1,63;900
B0-15-302B;1;0011;120;1,15;300
B0-15-302C;1;0011;70;0,67;300
B0-15-302D;1;0011;70;0,67;300
B0-15-302X;2;0010;170;1,63;900
B0-15-302Y;3;0010;170;1,63;900
B0-15-302Z;4;0010;170;1,63;900
B0-15-310B;1;0011;120;1,15;300
B0-15-310C;1;0011;70;0,67;300
B0-15-310D;1;0011;70;0,67;300
B0-15-310X;2;0010;170;1,63;900
B0-15-310Y;3;0010;170;1,63;900
B0-15-310Z;4;0010;170;1,63;900
B0-15-311B;1;0011;120;1,15;300
B0-15-311C;1;0011;70;0,67;300
B0-15-311D;1;0011;70;0,67;300
B0-15-311X;2;0010;170;1,63;900
B0-15-311Y;3;0010;170;1,63;900
B0-15-311Z;4;0010;170;1,63;900
B0-15-312B;1;0011;120;1,15;300
B0-15-312C;1;0011;70;0,67;300
B0-15-312D;1;0011;70;0,67;300
B0-15-312X;2;0010;170;1,63;900
B0-15-312Y;3;0010;170;1,63;900
B0-15-312Z;4;0010;170;1,63;900
B0-15-320B;1;0011;120;1,15;300
B0-15-320C;1;0011;70;0,67;300
B0-15-320D;1;0011;70;0,67;300
B0-15-320X;2;0010;170;1,63;900
B0-15-320Y;3;0010;170;1,63;900
B0-15-320Z;4;0010;170;1,63;900
B0-15-321B;1;0011;120;1,15;300
B0-15-321C;1;0011;70;0,67;300
B0-15-321D;1;0011;70;0,67;300
B0-15-321X;2;0010;170;1,63;900
B0-15-321Y;3;0010;170;1,63;900
B0-15-321Z;4;0010;170;1,63;900
B0-15-322B;1;0011;120;1,15;300
B0-15-322C;1;0011;70;0,67;300
B0-15-322D;1;0011;70;0,67;300
B0-15-322X;2;0010;170;1,63;900
B0-15-322Y;3;0010;170;1,63;900
B0-15-322Z;4;0010;170;1,63;900
B0-15-330B;1;0011;120;1,15;300
B0-15-330C;1;0011;70;0,67;300
B0-15-330D;1;0011;70;0,67;300
B0-15-330X;2;0010;170;1,63;900
B0-15-330Y;3;0010;170;1,63;900
B0-15-330Z;4;0010;170;1,63;900
B0-15-331B;1;0011;120;1,15;300
B0-15-331C;1;0011;70;0,67;300
B0-15-331D;1;0011;70;0,67;300
B0-15-331X;2;0010;170;1,63;900
B0-15-331Y;3;0010;170;1,63;900
B0-15-331Z;4;0010;170;1,63;900
B0-15-332B;1;0011;120;1,15;300
B0-15-332C;1;0011;70;0,67;300
B0-15-332D;1;0011;70;0,67;300
B0-15-332X;2;0010;170;1,63;900
B0-15-332Y;3;0010;170;1,63;900
B0-15-332Z;4;0010;170;1,63;900
B0-15-340B;1;0011;120;1,15;300
B0-15-340C;1;0011;70;0,67;300
B0-15-340D;1;0011;70;0,67;300
B0-15-340X;2;0010;170;1,63;900
B0-15-340Y;3;0010;170;1,63;900
B0-15-340Z;4;0010;170;1,63;900
B0-15-341B;1;0011;120;1,15;300
B0-15-341C;1;0011;70;0,67;300
B0-15-341D;1;0011;70;0,67;300
B0-15-341X;2;0010;170;1,63;900
B0-15-341Y;3;0010;170;1,63;900
B0-15-341Z;4;0010;170;1,63;900
B0-15-342B;1;0011;120;1,15;300
B0-15-342C;1;0011;70;0,67;300
B0-15-342D;1;0011;70;0,67;300
B0-15-342X;2;0010;170;1,63;900
B0-15-342Y;3;0010;170;1,63;900
B0-15-342Z;4;0010;170;1,63;900
B0-15-350B;1;0011;120;1,15;300
B0-15-350C;1;0011;70;0,67;300
B0-15-350D;1;0011;70;0,67;300
B0-15-350X;2;0010;170;1,63;900
B0-15-350Y;3;0010;170;1,63;900
B0-15-350Z;4;0010;170;1,63;900
B0-15-351B;1;0011;120;1,15;300
B0-15-351C;1;0011;70;0,67;300
B0-15-351D;1;0011;70;0,67;300
B0-15-351X;2;0010;170;1,63;900
B0-15-351Y;3;0010;170;1,63;900
B0-15-351Z;4;0010;170;1,63;900
B0-15-352B;1;0011;120;1,15;300
B0-15-352C;1;0011;70;0,67;300
B0-15-352D;1;0011;70;0,67;300
B0-15-352X;2;0010;170;1,63;900
B0-15-352Y;3;0010;170;1,63;900
B0-15-352Z;4;0010;170;1,63;900
B0-15-360B;1;0011;120;1,15;300
B0-15-360C;1;0011;70;0,67;300
B0-15-360D;1;0011;70;0,67;300
B0-15-360X;2;0010;170;1,63;900
B0-15-360Y;3;0010;170;1,63;900
B0-15-360Z;4;0010;170;1,63;900
B0-15-361B;1;0011;120;1,15;300
B0-15-361C;1;0011;70;0,67;300
B0-15-361D;1;0011;70;0,67;300
B0-15-361X;2;0010;170;1,63;900
B0-15-361Y;3;0010;170;1,63;900
B0-15-361Z;4;0010;170;1,63;900
B0-15-362B;1;0011;120;1,15;300
B0-15-362C;1;0011;70;0,67;300
B0-15-362D;1;0011;70;0,67;300
B0-15-362X;2;0010;170;1,63;900
B0-15-362Y;3;0010;170;1,63;900
B0-15-362Z;4;0010;170;1,63;900
B0-15-370B;1;0011;120;1,15;300
B0-15-370C;1;0011;70;0,67;300
B0-15-370D;1;0011;70;0,67;300
B0-15-370X;2;0010;170;1,63;900
B0-15-370Y;3;0010;170;1,63;900
B0-15-370Z;4;0010;170;1,63;900
B0-15-371B;1;0011;120;1,15;300
B0-15-371C;1;0011;70;0,67;300
B0-15-371D;1;0011;70;0,67;300
B0-15-371X;2;0010;170;1,63;900
B0-15-371Y;3;0010;170;1,63;900
B0-15-371Z;4;0010;170;1,63;900
B0-15-372B;1;0011;120;1,15;300
B0-15-372C;1;0011;70;0,67;300
B0-15-372D;1;0011;70;0,67;300
B0-15-372X;2;0010;170;1,63;900
B0-15-372Y;3;0010;170;1,63;900
B0-15-372Z;4;0010;170;1,63;900
B0-15-380B;1;0011;120;1,15;300
B0-15-380C;1;0011;70;0,67;300
B0-15-380D;1;0011;70;0,67;300
B0-15-380X;2;0010;170;1,63;900
B0-15-380Y;3;0010;170;1,63;900
B0-15-380Z;4;0010;170;1,63;900
B0-15-381B;1;0011;120;1,15;300
B0-15-381C;1;0011;70;0,67;300
B0-15-381D;1;0011;70;0,67;300
B0-15-381X;2;0010;170;1,63;900
B0-15-381Y;3;0010;170;1,63;900
B0-15-381Z;4;0010;170;1,63;900
B0-15-382B;1;0011;120;1,15;300
B0-15-382C;1;0011;70;0,67;300
B0-15-382D;1;0011;70;0,67;300
B0-15-382X;2;0010;170;1,63;900
B0-15-382Y;3;0010;170;1,63;900
B0-15-382Z;4;0010;170;1,63;900
B0-15-390B;1;0011;120;1,15;300
B0-15-390C;1;0011;70;0,67;300
B0-15-390D;1;0011;70;0,67;300
B0-15-390X;2;0010;170;1,63;900
B0-15-390Y;3;0010;170;1,63;900
B0-15-390Z;4;0010;170;1,63;900
B0-15-391B;1;0011;120;1,15;300
B0-15-391C;1;0011;70;0,67;300
B0-15-391D;1;0011;70;0,67;300
B0-15-391X;2;0010;170;1,63;900
B0-15-391Y;3;0010;170;1,63;900
B0-15-391Z;4;0010;170;1,63;900
B0-15-392B;1;0011;120;1,15;300
B0-15-392C;1;0011;70;0,67;300
B0-15-392D;1;0011;70;0,67;300
B0-15-392X;2;0010;170;1,63;900
B0-15-392Y;3;0010;170;1,63;900
B0-15-392Z;4;0010;170;1,63;900
B0-15-400B;1;0011;120;1,15;300
B0-15-400C;1;0011;70;0,67;300
B0-15-400D;1;0011;70;0,67;300
B0-15-400X;2;0010;170;1,63;900
B0-15-400Y;3;0010;170;1,63;900
B0-15-400Z;4;0010;170;1,63;900
B0-15-401B;1;0011;120;1,15;300
B0-15-401C;1;0011;70;0,67;300
B0-15-401D;1;0011;70;0,67;300
B0-15-401X;2;0010;170;1,63;900
B0-15-401Y;3;0010;170;1,63;900
B0-15-401Z;4;0010;170;1,63;900
B0-15-402B;1;0011;120;1,15;300
B0-15-402C;1;0011;70;0,67;300
B0-15-402D;1;0011;70;0,67;300
B0-15-402X;2;0010;170;1,63;900
B0-15-402Y;3;0010;170;1,63;900
B0-15-402Z;4;0010;170;1,63;900
B0-15-410B;1;0011;120;1,15;300
B0-15-410C;1;0011;70;0,67;300
B0-15-410D;1;0011;70;0,67;300
B0-15-410X;2;0010;170;1,63;900
B0-15-410Y;3;0010;170;1,63;900
B0-15-410Z;4;0010;170;1,63;900
B0-15-411B;1;0011;120;1,15;300
B0-15-411C;1;0011;70;0,67;300
B0-15-411D;1;0011;70;0,67;300
B0-15-411X;2;0010;170;1,63;900
B0-15-411Y;3;0010;170;1,63;900
B0-15-411Z;4;0010;170;1,63;900
B0-15-412B;1;0011;120;1,15;300
B0-15-412C;1;0011;70;0,67;300
B0-15-412D;1;0011;70;0,67;300
B0-15-412X;2;0010;170;1,63;900
B0-15-412Y;3;0010;170;1,63;900
B0-15-412Z;4;0010;170;1,63;900
B0-15-420B;1;0011;120;1,15;300
B0-15-420C;1;0011;70;0,67;300
B0-15-420D;1;0011;70;0,67;300
B0-15-420X;2;0010;170;1,63;900
B0-15-420Y;3;0010;170;1,63;900
B0-15-420Z;4;0010;170;1,63;900
B0-15-421B;1;0011;120;1,15;300
B0-15-421C;1;0011;70;0,67;300
B0-15-421D;1;0011;70;0,67;300
B0-15-421X;2;0010;170;1,63;900
B0-15-421Y;3;0010;170;1,63;900
B0-15-421Z;4;0010;170;1,63;900
B0-15-422B;1;0011;120;1,15;300
B0-15-422C;1;0011;70;0,67;300
B0-15-422D;1;0011;70;0,67;300
B0-15-422X;2;0010;170;1,63;900
B0-15-422Y;3;0010;170;1,63;900
B0-15-422Z;4;0010;170;1,63;900
B0-15-430B;1;0011;120;1,15;300
B0-15-430C;1;0011;70;0,67;300
B0-15-430D;1;0011;70;0,67;300
B0-15-430X;2;0010;170;1,63;900
B0-15-430Y;3;0010;170;1,63;900
B0-15-430Z;4;0010;170;1,63;900
B0-15-431B;1;0011;120;1,15;300
B0-15-431C;1;0011;70;0,67;300
B0-15-431D;1;0011;70;0,67;300
B0-15-431X;2;0010;170;1,63;900
B0-15-431Y;3;0010;170;1,63;900
B0-15-431Z;4;0010;170;1,63;900
B0-15-432B;1;0011;120;1,15;300
B0-15-432C;1;0011;70;0,67;300
B0-15-432D;1;0011;70;0,67;300
B0-15-432X;2;0010;170;1,63;900
B0-15-432Y;3;0010;170;1,63;900
B0-15-432Z;4;0010;170;1,63;900
B0-15-440B;1;0011;120;1,15;300
B0-15-440C;1;0011;70;0,67;300
B0-15-440D;1;0011;70;0,67;300
B0-15-440X;2;0010;170;1,63;900
B0-15-440Y;3;0010;170;1,63;900
B0-15-440Z;4;0010;170;1,63;900
B0-15-441B;1;0011;120;1,15;300
B0-15-441C;1;0011;70;0,67;300
B0-15-441D;1;0011;70;0,67;300
B0-15-441X;2;0010;170;1,63;900
B0-15-441Y;3;0010;170;1,63;900
B0-15-441Z;4;0010;170;1,63;900
B0-15-442B;1;0011;120;1,15;300
B0-15-442C;1;0011;70;0,67;300
B0-15-442D;1;0011;70;0,67;300
B0-15-442X;2;0010;170;1,63;900
B0-15-442Y;3;0010;170;1,63;900
B0-15-442Z;4;0010;170;1,63;900
B0-28-100B;1;0011;120;1,15;300
B0-28-100C-1;1;0011;70;0,34;150
B0-28-100C-2;1;0011;70;0,34;150
B0-28-100D-1;1;0011;70;0,34;150
B0-28-100D-2;1;0011;70;0,34;150
B0-28-100X;2;0010;170;1,63;900
B0-28-100Y;3;0010;170;1,63;900
B0-28-100Z;4;0010;170;1,63;900
B0-28-101B;1;0011;120;1,15;300
B0-28-101C-1;1;0011;70;0,34;150
B0-28-101C-2;1;0011;70;0,34;150
B0-28-101D-1;1;0011;70;0,34;150
B0-28-101D-2;1;0011;70;0,34;150
B0-28-101X;2;0010;170;1,63;900
B0-28-101Y;3;0010;170;1,63;900
B0-28-101Z;4;0010;170;1,63;900
B0-28-110B;1;0011;120;1,15;300
B0-28-110C-1;1;0011;70;0,34;150
B0-28-110C-2;1;0011;70;0,34;150
B0-28-110D-1;1;0011;70;0,34;150
B0-28-110D-2;1;0011;70;0,34;150
B0-28-110X;2;0010;170;1,63;900
B0-28-110Y;3;0010;170;1,63;900
B0-28-110Z;4;0010;170;1,63;900
B0-28-111B;1;0011;120;1,15;300
B0-28-111C-1;1;0011;70;0,34;150
B0-28-111C-2;1;0011;70;0,34;150
B0-28-111D-1;1;0011;70;0,34;150
B0-28-111D-2;1;0011;70;0,34;150
B0-28-111X;2;0010;170;1,63;900
B0-28-111Y;3;0010;170;1,63;900
B0-28-111Z;4;0010;170;1,63;900
B0-28-120B;1;0011;120;1,15;300
B0-28-120C-1;1;0011;70;0,34;150
B0-28-120C-2;1;0011;70;0,34;150
B0-28-120D-1;1;0011;70;0,34;150
B0-28-120D-2;1;0011;70;0,34;150
B0-28-120X;2;0010;170;1,63;900
B0-28-120Y;3;0010;170;1,63;900
B0-28-120Z;4;0010;170;1,63;900
B0-28-121B;1;0011;120;1,15;300
B0-28-121C-1;1;0011;70;0,34;150
B0-28-121C-2;1;0011;70;0,34;150
B0-28-121D-1;1;0011;70;0,34;150
B0-28-121D-2;1;0011;70;0,34;150
B0-28-121X;2;0010;170;1,63;900
B0-28-121Y;3;0010;170;1,63;900
B0-28-121Z;4;0010;170;1,63;900
B0-28-130B;1;0011;120;1,15;300
B0-28-130C-1;1;0011;70;0,34;150
B0-28-130C-2;1;0011;70;0,34;150
B0-28-130D-1;1;0011;70;0,34;150
B0-28-130D-2;1;0011;70;0,34;150
B0-28-130X;2;0010;170;1,63;900
B0-28-130Y;3;0010;170;1,63;900
B0-28-130Z;4;0010;170;1,63;900
B0-28-131B;1;0011;120;1,15;300
B0-28-131C-1;1;0011;70;0,34;150
B0-28-131C-2;1;0011;70;0,34;150
B0-28-131D-1;1;0011;70;0,34;150
B0-28-131D-2;1;0011;70;0,34;150
B0-28-131X;2;0010;170;1,63;900
B0-28-131Y;3;0010;170;1,63;900
B0-28-131Z;4;0010;170;1,63;900
B0-28-140B;1;0011;120;1,15;300
B0-28-140C-1;1;0011;70;0,34;150
B0-28-140C-2;1;0011;70;0,34;150
B0-28-140D-1;1;0011;70;0,34;150
B0-28-140D-2;1;0011;70;0,34;150
B0-28-140X;2;0010;170;1,63;900
B0-28-140Y;3;0010;170;1,63;900
B0-28-140Z;4;0010;170;1,63;900
B0-28-141B;1;0011;120;1,15;300
B0-28-141C-1;1;0011;70;0,34;150
B0-28-141C-2;1;0011;70;0,34;150
B0-28-141D-1;1;0011;70;0,34;150
B0-28-141D-2;1;0011;70;0,34;150
B0-28-141X;2;0010;170;1,63;900
B0-28-141Y;3;0010;170;1,63;900
B0-28-141Z;4;0010;170;1,63;900
B0-28-150B;1;0011;120;1,15;300
B0-28-150C-1;1;0011;70;0,34;150
B0-28-150C-2;1;0011;70;0,34;150
B0-28-150D-1;1;0011;70;0,34;150
B0-28-150D-2;1;0011;70;0,34;150
B0-28-150X;2;0010;170;1,63;900
B0-28-150Y;3;0010;170;1,63;900
B0-28-150Z;4;0010;170;1,63;900
B0-28-151B;1;0011;120;1,15;300
B0-28-151C-1;1;0011;70;0,34;150
B0-28-151C-2;1;0011;70;0,34;150
B0-28-151D-1;1;0011;70;0,34;150
B0-28-151D-2;1;0011;70;0,34;150
B0-28-151X;2;0010;170;1,63;900
B0-28-151Y;3;0010;170;1,63;900
B0-28-151Z;4;0010;170;1,63;900
B0-28-160B;1;0011;120;1,15;300
B0-28-160C-1;1;0011;70;0,34;150
B0-28-160C-2;1;0011;70;0,34;150
B0-28-160D-1;1;0011;70;0,34;150
B0-28-160D-2;1;0011;70;0,34;150
B0-28-160X;2;0010;170;1,63;900
B0-28-160Y;3;0010;170;1,63;900
B0-28-160Z;4;0010;170;1,63;900
B0-28-161B;1;0011;120;1,15;300
B0-28-161C-1;1;0011;70;0,34;150
B0-28-161C-2;1;0011;70;0,34;150
B0-28-161D-1;1;0011;70;0,34;150
B0-28-161D-2;1;0011;70;0,34;150
B0-28-161X;2;0010;170;1,63;900
B0-28-161Y;3;0010;170;1,63;900
B0-28-161Z;4;0010;170;1,63;900
B0-28-170B;1;0011;120;1,15;300
B0-28-170C-1;1;0011;70;0,34;150
B0-28-170C-2;1;0011;70;0,34;150
B0-28-170D-1;1;0011;70;0,34;150
B0-28-170D-2;1;0011;70;0,34;150
B0-28-170X;2;0010;170;1,63;900
B0-28-170Y;3;0010;170;1,63;900
B0-28-170Z;4;0010;170;1,63;900
B0-28-171B;1;0011;120;1,15;300
B0-28-171C-1;1;0011;70;0,34;150
B0-28-171C-2;1;0011;70;0,34;150
B0-28-171D-1;1;0011;70;0,34;150
B0-28-171D-2;1;0011;70;0,34;150
B0-28-171X;2;0010;170;1,63;900
B0-28-171Y;3;0010;170;1,63;900
B0-28-171Z;4;0010;170;1,63;900
B0-28-180B;1;0011;120;1,15;300
B0-28-180C-1;1;0011;70;0,34;150
B0-28-180C-2;1;0011;70;0,34;150
B0-28-180D-1;1;0011;70;0,34;150
B0-28-180D-2;1;0011;70;0,34;150
B0-28-180X;2;0010;170;1,63;900
B0-28-180Y;3;0010;170;1,63;900
B0-28-180Z;4;0010;170;1,63;900
B0-28-181B;1;0011;120;1,15;300
B0-28-181C-1;1;0011;70;0,34;150
B0-28-181C-2;1;0011;70;0,34;150
B0-28-181D-1;1;0011;70;0,34;150
B0-28-181D-2;1;0011;70;0,34;150
B0-28-181X;2;0010;170;1,63;900
B0-28-181Y;3;0010;170;1,63;900
B0-28-181Z;4;0010;170;1,63;900
B0-28-190B;1;0011;120;1,15;300
B0-28-190C-1;1;0011;70;0,34;150
B0-28-190C-2;1;0011;70;0,34;150
B0-28-190D-1;1;0011;70;0,34;150
B0-28-190D-2;1;0011;70;0,34;150
B0-28-190X;2;0010;170;1,63;900
B0-28-190Y;3;0010;170;1,63;900
B0-28-190Z;4;0010;170;1,63;900
B0-28-191B;1;0011;120;1,15;300
B0-28-191C-1;1;0011;70;0,34;150
B0-28-191C-2;1;0011;70;0,34;150
B0-28-191D-1;1;0011;70;0,34;150
B0-28-191D-2;1;0011;70;0,34;150
B0-28-191X;2;0010;170;1,63;900
B0-28-191Y;3;0010;170;1,63;900
B0-28-191Z;4;0010;170;1,63;900
B0-28-200B;1;0011;120;1,15;300
B0-28-200C-1;1;0011;70;0,34;150
B0-28-200C-2;1;0011;70;0,34;150
B0-28-200D-1;1;0011;70;0,34;150
B0-28-200D-2;1;0011;70;0,34;150
B0-28-200X;2;0010;170;1,63;900
B0-28-200Y;3;0010;170;1,63;900
B0-28-200Z;4;0010;170;1,63;900
B0-28-201B;1;0011;120;1,15;300
B0-28-201C-1;1;0011;70;0,34;150
B0-28-201C-2;1;0011;70;0,34;150
B0-28-201D-1;1;0011;70;0,34;150
B0-28-201D-2;1;0011;70;0,34;150
B0-28-201X;2;0010;170;1,63;900
B0-28-201Y;3;0010;170;1,63;900
B0-28-201Z;4;0010;170;1,63;900
B0-28-210B;1;0011;120;1,15;300
B0-28-210C-1;1;0011;70;0,34;150
B0-28-210C-2;1;0011;70;0,34;150
B0-28-210D-1;1;0011;70;0,34;150
B0-28-210D-2;1;0011;70;0,34;150
B0-28-210X;2;0010;170;1,63;900
B0-28-210Y;3;0010;170;1,63;900
B0-28-210Z;4;0010;170;1,63;900
B0-28-211B;1;0011;120;1,15;300
B0-28-211C-1;1;0011;70;0,34;150
B0-28-211C-2;1;0011;70;0,34;150
B0-28-211D-1;1;0011;70;0,34;150
B0-28-211D-2;1;0011;70;0,34;150
B0-28-211X;2;0010;170;1,63;900
B0-28-211Y;3;0010;170;1,63;900
B0-28-211Z;4;0010;170;1,63;900
B0-28-220B;1;0011;120;1,15;300
B0-28-220C-1;1;0011;70;0,34;150
B0-28-220C-2;1;0011;70;0,34;150
B0-28-220D-1;1;0011;70;0,34;150
B0-28-220D-2;1;0011;70;0,34;150
B0-28-220X;2;0010;170;1,63;900
B0-28-220Y;3;0010;170;1,63;900
B0-28-220Z;4;0010;170;1,63;900
B0-28-221B;1;0011;120;1,15;300
B0-28-221C-1;1;0011;70;0,34;150
B0-28-221C-2;1;0011;70;0,34;150
B0-28-221D-1;1;0011;70;0,34;150
B0-28-221D-2;1;0011;70;0,34;150
B0-28-221X;2;0010;170;1,63;900
B0-28-221Y;3;0010;170;1,63;900
B0-28-221Z;4;0010;170;1,63;900
B0-28-230B;1;0011;120;1,15;300
B0-28-230C-1;1;0011;70;0,34;150
B0-28-230C-2;1;0011;70;0,34;150
B0-28-230D-1;1;0011;70;0,34;150
B0-28-230D-2;1;0011;70;0,34;150
B0-28-230X;2;0010;170;1,63;900
B0-28-230Y;3;0010;170;1,63;900
B0-28-230Z;4;0010;170;1,63;900
B0-28-231B;1;0011;120;1,15;300
B0-28-231C-1;1;0011;70;0,34;150
B0-28-231C-2;1;0011;70;0,34;150
B0-28-231D-1;1;0011;70;0,34;150
B0-28-231D-2;1;0011;70;0,34;150
B0-28-231X;2;0010;170;1,63;900
B0-28-231Y;3;0010;170;1,63;900
B0-28-231Z;4;0010;170;1,63;900
B0-28-240B;1;0011;120;1,15;300
B0-28-240C-1;1;0011;70;0,34;150
B0-28-240C-2;1;0011;70;0,34;150
B0-28-240D-1;1;0011;70;0,34;150
B0-28-240D-2;1;0011;70;0,34;150
B0-28-240X;2;0010;170;1,63;900
B0-28-240Y;3;0010;170;1,63;900
B0-28-240Z;4;0010;170;1,63;900
B0-28-241B;1;0011;120;1,15;300
B0-28-241C-1;1;0011;70;0,34;150
B0-28-241C-2;1;0011;70;0,34;150
B0-28-241D-1;1;0011;70;0,34;150
B0-28-241D-2;1;0011;70;0,34;150
B0-28-241X;2;0010;170;1,63;900
B0-28-241Y;3;0010;170;1,63;900
B0-28-241Z;4;0010;170;1,63;900
B0-28-250B;1;0011;120;1,15;300
B0-28-250C-1;1;0011;70;0,34;150
B0-28-250C-2;1;0011;70;0,34;150
B0-28-250D-1;1;0011;70;0,34;150
B0-28-250D-2;1;0011;70;0,34;150
B0-28-250X;2;0010;170;1,63;900
B0-28-250Y;3;0010;170;1,63;900
B0-28-250Z;4;0010;170;1,63;900
B0-28-251B;1;0011;120;1,15;300
B0-28-251C-1;1;0011;70;0,34;150
B0-28-251C-2;1;0011;70;0,34;150
B0-28-251D-1;1;0011;70;0,34;150
B0-28-251D-2;1;0011;70;0,34;150
B0-28-251X;2;0010;170;1,63;900
B0-28-251Y;3;0010;170;1,63;900
B0-28-251Z;4;0010;170;1,63;900
B0-28-260B;1;0011;120;1,15;300
B0-28-260C-1;1;0011;70;0,34;150
B0-28-260C-2;1;0011;70;0,34;150
B0-28-260D-1;1;0011;70;0,34;150
B0-28-260D-2;1;0011;70;0,34;150
B0-28-260X;2;0010;170;1,63;900
B0-28-260Y;3;0010;170;1,63;900
B0-28-260Z;4;0010;170;1,63;900
B0-28-261B;1;0011;120;1,15;300
B0-28-261C-1;1;0011;70;0,34;150
B0-28-261C-2;1;0011;70;0,34;150
B0-28-261D-1;1;0011;70;0,34;150
B0-28-261D-2;1;0011;70;0,34;150
B0-28-261X;2;0010;170;1,63;900
B0-28-261Y;3;0010;170;1,63;900
B0-28-261Z;4;0010;170;1,63;900
B0-28-270B;1;0011;120;1,15;300
B0-28-270C-1;1;0011;70;0,34;150
B0-28-270C-2;1;0011;70;0,34;150
B0-28-270D-1;1;0011;70;0,34;150
B0-28-270D-2;1;0011;70;0,34;150
B0-28-270X;2;0010;170;1,63;900
B0-28-270Y;3;0010;170;1,63;900
B0-28-270Z;4;0010;170;1,63;900
B0-28-271B;1;0011;120;1,15;300
B0-28-271C-1;1;0011;70;0,34;150
B0-28-271C-2;1;0011;70;0,34;150
B0-28-271D-1;1;0011;70;0,34;150
B0-28-271D-2;1;0011;70;0,34;150
B0-28-271X;2;0010;170;1,63;900
B0-28-271Y;3;0010;170;1,63;900
B0-28-271Z;4;0010;170;1,63;900
B0-28-280B;1;0011;120;1,15;300
B0-28-280C-1;1;0011;70;0,34;150
B0-28-280C-2;1;0011;70;0,34;150
B0-28-280D-1;1;0011;70;0,34;150
B0-28-280D-2;1;0011;70;0,34;150
B0-28-280X;2;0010;170;1,63;900
B0-28-280Y;3;0010;170;1,63;900
B0-28-280Z;4;0010;170;1,63;900
B0-28-281B;1;0011;120;1,15;300
B0-28-281C-1;1;0011;70;0,34;150
B0-28-281C-2;1;0011;70;0,34;150
B0-28-281D-1;1;0011;70;0,34;150
B0-28-281D-2;1;0011;70;0,34;150
B0-28-281X;2;0010;170;1,63;900
B0-28-281Y;3;0010;170;1,63;900
B0-28-281Z;4;0010;170;1,63;900
B0-28-290B;1;0011;120;1,15;300
B0-28-290C-1;1;0011;70;0,34;150
B0-28-290C-2;1;0011;70;0,34;150
B0-28-290D-1;1;0011;70;0,34;150
B0-28-290D-2;1;0011;70;0,34;150
B0-28-290X;2;0010;170;1,63;900
B0-28-290Y;3;0010;170;1,63;900
B0-28-290Z;4;0010;170;1,63;900
B0-28-291B;1;0011;120;1,15;300
B0-28-291C-1;1;0011;70;0,34;150
B0-28-291C-2;1;0011;70;0,34;150
B0-28-291D-1;1;0011;70;0,34;150
B0-28-291D-2;1;0011;70;0,34;150
B0-28-291X;2;0010;170;1,63;900
B0-28-291Y;3;0010;170;1,63;900
B0-28-291Z;4;0010;170;1,63;900
B0-28-300B;1;0011;120;1,15;300
B0-28-300C-1;1;0011;70;0,34;150
B0-28-300C-2;1;0011;70;0,34;150
B0-28-300D-1;1;0011;70;0,34;150
B0-28-300D-2;1;0011;70;0,34;150
B0-28-300X;2;0010;170;1,63;900
B0-28-300Y;3;0010;170;1,63;900
B0-28-300Z;4;0010;170;1,63;900
B0-28-301B;1;0011;120;1,15;300
B0-28-301C-1;1;0011;70;0,34;150
B0-28-301C-2;1;0011;70;0,34;150
B0-28-301D-1;1;0011;70;0,34;150
B0-28-301D-2;1;0011;70;0,34;150
B0-28-301X;2;0010;170;1,63;900
B0-28-301Y;3;0010;170;1,63;900
B0-28-301Z;4;0010;170;1,63;900
B0-28-310B;1;0011;120;1,15;300
B0-28-310C-1;1;0011;70;0,34;150
B0-28-310C-2;1;0011;70;0,34;150
B0-28-310D-1;1;0011;70;0,34;150
B0-28-310D-2;1;0011;70;0,34;150
B0-28-310X;2;0010;170;1,63;900
B0-28-310Y;3;0010;170;1,63;900
B0-28-310Z;4;0010;170;1,63;900
B0-28-311B;1;0011;120;1,15;300
B0-28-311C-1;1;0011;70;0,34;150
B0-28-311C-2;1;0011;70;0,34;150
B0-28-311D-1;1;0011;70;0,34;150
B0-28-311D-2;1;0011;70;0,34;150
B0-28-311X;2;0010;170;1,63;900
B0-28-311Y;3;0010;170;1,63;900
B0-28-311Z;4;0010;170;1,63;900
B0-28-320B;1;0011;120;1,15;300
B0-28-320C-1;1;0011;70;0,34;150
B0-28-320C-2;1;0011;70;0,34;150
B0-28-320D-1;1;0011;70;0,34;150
B0-28-320D-2;1;0011;70;0,34;150
B0-28-320X;2;0010;170;1,63;900
B0-28-320Y;3;0010;170;1,63;900
B0-28-320Z;4;0010;170;1,63;900
B0-28-321B;1;0011;120;1,15;300
B0-28-321C-1;1;0011;70;0,34;150
B0-28-321C-2;1;0011;70;0,34;150
B0-28-321D-1;1;0011;70;0,34;150
B0-28-321D-2;1;0011;70;0,34;150
B0-28-321X;2;0010;170;1,63;900
B0-28-321Y;3;0010;170;1,63;900
B0-28-321Z;4;0010;170;1,63;900
B0-28-330B;1;0011;120;1,15;300
B0-28-330C-1;1;0011;70;0,34;150
B0-28-330C-2;1;0011;70;0,34;150
B0-28-330D-1;1;0011;70;0,34;150
B0-28-330D-2;1;0011;70;0,34;150
B0-28-330X;2;0010;170;1,63;900
B0-28-330Y;3;0010;170;1,63;900
B0-28-330Z;4;0010;170;1,63;900
B0-28-331B;1;0011;120;1,15;300
B0-28-331C-1;1;0011;70;0,34;150
B0-28-331C-2;1;0011;70;0,34;150
B0-28-331D-1;1;0011;70;0,34;150
B0-28-331D-2;1;0011;70;0,34;150
B0-28-331X;2;0010;170;1,63;900
B0-28-331Y;3;0010;170;1,63;900
B0-28-331Z;4;0010;170;1,63;900
B0-28-340B;1;0011;120;1,15;300
B0-28-340C-1;1;0011;70;0,34;150
B0-28-340C-2;1;0011;70;0,34;150
B0-28-340D-1;1;0011;70;0,34;150
B0-28-340D-2;1;0011;70;0,34;150
B0-28-340X;2;0010;170;1,63;900
B0-28-340Y;3;0010;170;1,63;900
B0-28-340Z;4;0010;170;1,63;900
B0-28-341B;1;0011;120;1,15;300
B0-28-341C-1;1;0011;70;0,34;150
B0-28-341C-2;1;0011;70;0,34;150
B0-28-341D-1;1;0011;70;0,34;150
B0-28-341D-2;1;0011;70;0,34;150
B0-28-341X;2;0010;170;1,63;900
B0-28-341Y;3;0010;170;1,63;900
B0-28-341Z;4;0010;170;1,63;900
B0-28-350B;1;0011;120;1,15;300
B0-28-350C-1;1;0011;70;0,34;150
B0-28-350C-2;1;0011;70;0,34;150
B0-28-350D-1;1;0011;70;0,34;150
B0-28-350D-2;1;0011;70;0,34;150
B0-28-350X;2;0010;170;1,63;900
B0-28-350Y;3;0010;170;1,63;900
B0-28-350Z;4;0010;170;1,63;900
B0-28-351B;1;0011;120;1,15;300
B0-28-351C-1;1;0011;70;0,34;150
B0-28-351C-2;1;0011;70;0,34;150
B0-28-351D-1;1;0011;70;0,34;150
B0-28-351D-2;1;0011;70;0,34;150
B0-28-351X;2;0010;170;1,63;900
B0-28-351Y;3;0010;170;1,63;900
B0-28-351Z;4;0010;170;1,63;900
B0-28-360B;1;0011;120;1,15;300
B0-28-360C-1;1;0011;70;0,34;150
B0-28-360C-2;1;0011;70;0,34;150
B0-28-360D-1;1;0011;70;0,34;150
B0-28-360D-2;1;0011;70;0,34;150
B0-28-360X;2;0010;170;1,63;900
B0-28-360Y;3;0010;170;1,63;900
B0-28-360Z;4;0010;170;1,63;900
B0-28-361B;1;0011;120;1,15;300
B0-28-361C-1;1;0011;70;0,34;150
B0-28-361C-2;1;0011;70;0,34;150
B0-28-361D-1;1;0011;70;0,34;150
B0-28-361D-2;1;0011;70;0,34;150
B0-28-361X;2;0010;170;1,63;900
B0-28-361Y;3;0010;170;1,63;900
B0-28-361Z;4;0010;170;1,63;900
B0-28-370B;1;0011;120;1,15;300
B0-28-370C-1;1;0011;70;0,34;150
B0-28-370C-2;1;0011;70;0,34;150
B0-28-370D-1;1;0011;70;0,34;150
B0-28-370D-2;1;0011;70;0,34;150
B0-28-370X;2;0010;170;1,63;900
B0-28-370Y;3;0010;170;1,63;900
B0-28-370Z;4;0010;170;1,63;900
B0-28-371B;1;0011;120;1,15;300
B0-28-371C-1;1;0011;70;0,34;150
B0-28-371C-2;1;0011;70;0,34;150
B0-28-371D-1;1;0011;70;0,34;150
B0-28-371D-2;1;0011;70;0,34;150
B0-28-371X;2;0010;170;1,63;900
B0-28-371Y;3;0010;170;1,63;900
B0-28-371Z;4;0010;170;1,63;900
B0-28-380B;1;0011;120;1,15;300
B0-28-380C-1;1;0011;70;0,34;150
B0-28-380C-2;1;0011;70;0,34;150
B0-28-380D-1;1;0011;70;0,34;150
B0-28-380D-2;1;0011;70;0,34;150
B0-28-380X;2;0010;170;1,63;900
B0-28-380Y;3;0010;170;1,63;900
B0-28-380Z;4;0010;170;1,63;900
B0-28-381B;1;0011;120;1,15;300
B0-28-381C-1;1;0011;70;0,34;150
B0-28-381C-2;1;0011;70;0,34;150
B0-28-381D-1;1;0011;70;0,34;150
B0-28-381D-2;1;0011;70;0,34;150
B0-28-381X;2;0010;170;1,63;900
B0-28-381Y;3;0010;170;1,63;900
B0-28-381Z;4;0010;170;1,63;900
B0-28-390B;1;0011;120;1,15;300
B0-28-390C-1;1;0011;70;0,34;150
B0-28-390C-2;1;0011;70;0,34;150
B0-28-390D-1;1;0011;70;0,34;150
B0-28-390D-2;1;0011;70;0,34;150
B0-28-390X;2;0010;170;1,63;900
B0-28-390Y;3;0010;170;1,63;900
B0-28-390Z;4;0010;170;1,63;900
B0-28-391B;1;0011;120;1,15;300
B0-28-391C-1;1;0011;70;0,34;150
B0-28-391C-2;1;0011;70;0,34;150
B0-28-391D-1;1;0011;70;0,34;150
B0-28-391D-2;1;0011;70;0,34;150
B0-28-391X;2;0010;170;1,63;900
B0-28-391Y;3;0010;170;1,63;900
B0-28-391Z;4;0010;170;1,63;900
B0-28-400B;1;0011;120;1,15;300
B0-28-400C-1;1;0011;70;0,34;150
B0-28-400C-2;1;0011;70;0,34;150
B0-28-400D-1;1;0011;70;0,34;150
B0-28-400D-2;1;0011;70;0,34;150
B0-28-400X;2;0010;170;1,63;900
B0-28-400Y;3;0010;170;1,63;900
B0-28-400Z;4;0010;170;1,63;900
B0-28-401B;1;0011;120;1,15;300
B0-28-401C-1;1;0011;70;0,34;150
B0-28-401C-2;1;0011;70;0,34;150
B0-28-401D-1;1;0011;70;0,34;150
B0-28-401D-2;1;0011;70;0,34;150
B0-28-401X;2;0010;170;1,63;900
B0-28-401Y;3;0010;170;1,63;900
B0-28-401Z;4;0010;170;1,63;900
B0-28-410B;1;0011;120;1,15;300
B0-28-410C-1;1;0011;70;0,34;150
B0-28-410C-2;1;0011;70;0,34;150
B0-28-410D-1;1;0011;70;0,34;150
B0-28-410D-2;1;0011;70;0,34;150
B0-28-410X;2;0010;170;1,63;900
B0-28-410Y;3;0010;170;1,63;900
B0-28-410Z;4;0010;170;1,63;900
B0-28-411B;1;0011;120;1,15;300
B0-28-411C-1;1;0011;70;0,34;150
B0-28-411C-2;1;0011;70;0,34;150
B0-28-411D-1;1;0011;70;0,34;150
B0-28-411D-2;1;0011;70;0,34;150
B0-28-411X;2;0010;170;1,63;900
B0-28-411Y;3;0010;170;1,63;900
B0-28-411Z;4;0010;170;1,63;900
B0-28-420B;1;0011;120;1,15;300
B0-28-420C-1;1;0011;70;0,34;150
B0-28-420C-2;1;0011;70;0,34;150
B0-28-420D-1;1;0011;70;0,34;150
B0-28-420D-2;1;0011;70;0,34;150
B0-28-420X;2;0010;170;1,63;900
B0-28-420Y;3;0010;170;1,63;900
B0-28-420Z;4;0010;170;1,63;900
B0-28-421B;1;0011;120;1,15;300
B0-28-421C-1;1;0011;70;0,34;150
B0-28-421C-2;1;0011;70;0,34;150
B0-28-421D-1;1;0011;70;0,34;150
B0-28-421D-2;1;0011;70;0,34;150
B0-28-421X;2;0010;170;1,63;900
B0-28-421Y;3;0010;170;1,63;900
B0-28-421Z;4;0010;170;1,63;900
B0-28-430B;1;0011;120;1,15;300
B0-28-430C-1;1;0011;70;0,34;150
B0-28-430C-2;1;0011;70;0,34;150
B0-28-430D-1;1;0011;70;0,34;150
B0-28-430D-2;1;0011;70;0,34;150
B0-28-430X;2;0010;170;1,63;900
B0-28-430Y;3;0010;170;1,63;900
B0-28-430Z;4;0010;170;1,63;900
B0-28-431B;1;0011;120;1,15;300
B0-28-431C-1;1;0011;70;0,34;150
B0-28-431C-2;1;0011;70;0,34;150
B0-28-431D-1;1;0011;70;0,34;150
B0-28-431D-2;1;0011;70;0,34;150
B0-28-431X;2;0010;170;1,63;900
B0-28-431Y;3;0010;170;1,63;900
B0-28-431Z;4;0010;170;1,63;900
B0-28-440B;1;0011;120;1,15;300
B0-28-440C-1;1;0011;70;0,34;150
B0-28-440C-2;1;0011;70;0,34;150
B0-28-440D-1;1;0011;70;0,34;150
B0-28-440D-2;1;0011;70;0,34;150
B0-28-440X;2;0010;170;1,63;900
B0-28-440Y;3;0010;170;1,63;900
B0-28-440Z;4;0010;170;1,63;900
B0-28-441B;1;0011;120;1,15;300
B0-28-441C-1;1;0011;70;0,34;150
B0-28-441C-2;1;0011;70;0,34;150
B0-28-441D-1;1;0011;70;0,34;150
B0-28-441D-2;1;0011;70;0,34;150
B0-28-441X;2;0010;170;1,63;900
B0-28-441Y;3;0010;170;1,63;900
B0-28-441Z;4;0010;170;1,63;900
B0-28-450B;1;0011;120;1,15;300
B0-28-450C-1;1;0011;70;0,34;150
B0-28-450C-2;1;0011;70;0,34;150
B0-28-450D-1;1;0011;70;0,34;150
B0-28-450D-2;1;0011;70;0,34;150
B0-28-450X;2;0010;170;1,63;900
B0-28-450Y;3;0010;170;1,63;900
B0-28-450Z;4;0010;170;1,63;900
B0-28-451B;1;0011;120;1,15;300
B0-28-451C-1;1;0011;70;0,34;150
B0-28-451C-2;1;0011;70;0,34;150
B0-28-451D-1;1;0011;70;0,34;150
B0-28-451D-2;1;0011;70;0,34;150
B0-28-451X;2;0010;170;1,63;900
B0-28-451Y;3;0010;170;1,63;900
B0-28-451Z;4;0010;170;1,63;900
B0-28-460B;1;0011;120;1,15;300
B0-28-460C-1;1;0011;70;0,34;150
B0-28-460C-2;1;0011;70;0,34;150
B0-28-460D-1;1;0011;70;0,34;150
B0-28-460D-2;1;0011;70;0,34;150
B0-28-460X;2;0010;170;1,63;900
B0-28-460Y;3;0010;170;1,63;900
B0-28-460Z;4;0010;170;1,63;900
B0-28-461B;1;0011;120;1,15;300
B0-28-461C-1;1;0011;70;0,34;150
B0-28-461C-2;1;0011;70;0,34;150
B0-28-461D-1;1;0011;70;0,34;150
B0-28-461D-2;1;0011;70;0,34;150
B0-28-461X;2;0010;170;1,63;900
B0-28-461Y;3;0010;170;1,63;900
B0-28-461Z;4;0010;170;1,63;900
B0-28-470B;1;0011;120;1,15;300
B0-28-470C-1;1;0011;70;0,34;150
B0-28-470C-2;1;0011;70;0,34;150
B0-28-470D-1;1;0011;70;0,34;150
B0-28-470D-2;1;0011;70;0,34;150
B0-28-470X;2;0010;170;1,63;900
B0-28-470Y;3;0010;170;1,63;900
B0-28-470Z;4;0010;170;1,63;900
B0-28-471B;1;0011;120;1,15;300
B0-28-471C-1;1;0011;70;0,34;150
B0-28-471C-2;1;0011;70;0,34;150
B0-28-471D;1;0011;70;0,67;300
B0-28-471D-1;1;0011;70;0,34;150
B0-28-471D-2;1;0011;70;0,34;150
B0-28-471X;2;0010;170;1,63;900
B0-28-471Y;3;0010;170;1,63;900
B0-28-471Z;4;0010;170;1,63;900
B0-28-480B;1;0011;120;1,15;300
B0-28-480C-1;1;0011;70;0,34;150
B0-28-480C-2;1;0011;70;0,34;150
B0-28-480D-1;1;0011;70;0,34;150
B0-28-480D-2;1;0011;70;0,34;150
B0-28-480X;2;0010;170;1,63;900
B0-28-480Y;3;0010;170;1,63;900
B0-28-480Z;4;0010;170;1,63;900
B0-28-481B;1;0011;120;1,15;300
B0-28-481C-1;1;0011;70;0,34;150
B0-28-481C-2;1;0011;70;0,34;150
B0-28-481D-1;1;0011;70;0,34;150
B0-28-481D-2;1;0011;70;0,34;150
B0-28-481X;2;0010;170;1,63;900
B0-28-481Y;3;0010;170;1,63;900
B0-28-481Z;4;0010;170;1,63;900
B0-38-100A;1;0052;150;1,44;1000
B0-38-100X;2;0010;170;1,63;900
B0-38-100Y;3;0010;170;1,63;900
B0-38-100Z;4;0010;170;1,63;900
B0-38-101A;1;0052;150;1,44;1000
B0-38-101X;2;0010;170;1,63;900
B0-38-101Y;3;0010;170;1,63;900
B0-38-101Z;4;0010;170;1,63;900
B0-38-102A;1;0052;150;1,44;1000
B0-38-102X;2;0010;170;1,63;900
B0-38-102Y;3;0010;170;1,63;900
B0-38-102Z;4;0010;170;1,63;900
B0-38-110A;1;0052;150;1,44;1000
B0-38-110X;2;0010;170;1,63;900
B0-38-110Y;3;0010;170;1,63;900
B0-38-110Z;4;0010;170;1,63;900
B0-38-111A;1;0052;150;1,44;1000
B0-38-111X;2;0010;170;1,63;900
B0-38-111Y;3;0010;170;1,63;900
B0-38-111Z;4;0010;170;1,63;900
B0-38-112A;1;0052;150;1,44;1000
B0-38-112X;2;0010;170;1,63;900
B0-38-112Y;3;0010;170;1,63;900
B0-38-112Z;4;0010;170;1,63;900
B0-38-120A;1;0052;150;1,44;1000
B0-38-120X;2;0010;170;1,63;900
B0-38-120Y;3;0010;170;1,63;900
B0-38-120Z;4;0010;170;1,63;900
B0-38-121A;1;0052;150;1,44;1000
B0-38-121X;2;0010;170;1,63;900
B0-38-121Y;3;0010;170;1,63;900
B0-38-121Z;4;0010;170;1,63;900
B0-38-122A;1;0050;150;1,44;1000
B0-38-122X;2;0010;170;1,63;900
B0-38-122Y;3;0010;170;1,63;900
B0-38-122Z;4;0010;170;1,63;900
B0-38-130A;1;0052;150;1,44;1000
B0-38-130X;2;0010;170;1,63;900
B0-38-130Y;3;0010;170;1,63;900
B0-38-130Z;4;0010;170;1,63;900
B0-38-131A;1;0052;150;1,44;1000
B0-38-131X;2;0010;170;1,63;900
B0-38-131Y;3;0010;170;1,63;900
B0-38-131Z;4;0010;170;1,63;900
B0-38-132A;1;0052;150;1,44;1000
B0-38-132X;2;0010;170;1,63;900
B0-38-132Y;3;0010;170;1,63;900
B0-38-132Z;4;0010;170;1,63;900
B0-38-140A;1;0052;150;1,44;1000
B0-38-140X;2;0010;170;1,63;900
B0-38-140Y;3;0010;170;1,63;900
B0-38-140Z;4;0010;170;1,63;900
B0-38-141A;1;0052;150;1,44;1000
B0-38-141X;2;0010;170;1,63;900
B0-38-141Y;3;0010;170;1,63;900
B0-38-141Z;4;0010;170;1,63;900
B0-38-142A;1;0052;150;1,44;1000
B0-38-142X;2;0010;170;1,63;900
B0-38-142Y;3;0010;170;1,63;900
B0-38-142Z;4;0010;170;1,63;900
B0-38-150A;1;0052;150;1,44;1000
B0-38-150X;2;0010;170;1,63;900
B0-38-150Y;3;0010;170;1,63;900
B0-38-150Z;4;0010;170;1,63;900
B0-38-151A;1;0052;150;1,44;1000
B0-38-151X;2;0010;170;1,63;900
B0-38-151Y;3;0010;170;1,63;900
B0-38-151Z;4;0010;170;1,63;900
B0-38-152A;1;0052;150;1,44;1000
B0-38-152X;2;0010;170;1,63;900
B0-38-152Y;3;0010;170;1,63;900
B0-38-152Z;4;0010;170;1,63;900
B0-38-160A;1;0052;150;1,44;1000
B0-38-160X;2;0010;170;1,63;900
B0-38-160Y;3;0010;170;1,63;900
B0-38-160Z;4;0010;170;1,63;900
B0-38-161A;1;0052;150;1,44;1000
B0-38-161X;2;0010;170;1,63;900
B0-38-161Y;3;0010;170;1,63;900
B0-38-161Z;4;0010;170;1,63;900
B0-38-162A;1;0052;150;1,44;1000
B0-38-162X;2;0010;170;1,63;900
B0-38-162Y;3;0010;170;1,63;900
B0-38-162Z;4;0010;170;1,63;900
B0-38-170A;1;0052;150;1,44;1000
B0-38-170X;2;0010;170;1,63;900
B0-38-170Y;3;0010;170;1,63;900
B0-38-170Z;4;0010;170;1,63;900
B0-38-171A;1;0052;150;1,44;1000
B0-38-171X;2;0010;170;1,63;900
B0-38-171Y;3;0010;170;1,63;900
B0-38-171Z;4;0010;170;1,63;900
B0-38-172A;1;0052;150;1,44;1000
B0-38-172X;2;0010;170;1,63;900
B0-38-172Y;3;0010;170;1,63;900
B0-38-172Z;4;0010;170;1,63;900
B0-38-180A;1;0052;150;1,44;1000
B0-38-180X;2;0010;170;1,63;900
B0-38-180Y;3;0010;170;1,63;900
B0-38-180Z;4;0010;170;1,63;900
B0-38-181A;1;0050;150;1,44;1000
B0-38-181X;2;0010;170;1,63;900
B0-38-181Y;3;0010;170;1,63;900
B0-38-181Z;4;0010;170;1,63;900
B0-38-182A;1;0052;150;1,44;1000
B0-38-182X;2;0010;170;1,63;900
B0-38-182Y;3;0010;170;1,63;900
B0-38-182Z;4;0010;170;1,63;900
B0-38-190A;1;0052;150;1,44;1000
B0-38-190X;2;0010;170;1,63;900
B0-38-190Y;3;0010;170;1,63;900
B0-38-190Z;4;0010;170;1,63;900
B0-38-191A;1;0052;150;1,44;1000
B0-38-191X;2;0010;170;1,63;900
B0-38-191Y;3;0010;170;1,63;900
B0-38-191Z;4;0010;170;1,63;900
B0-38-192A;1;0052;150;1,44;1000
B0-38-192X;2;0010;170;1,63;900
B0-38-192Y;3;0010;170;1,63;900
B0-38-192Z;4;0010;170;1,63;900
B0-38-200A;1;0052;150;1,44;1000
B0-38-200X;2;0010;170;1,63;900
B0-38-200Y;3;0010;170;1,63;900
B0-38-200Z;4;0010;170;1,63;900
B0-38-201A;1;0052;150;1,44;1000
B0-38-201X;2;0010;170;1,63;900
B0-38-201Y;3;0010;170;1,63;900
B0-38-201Z;4;0010;170;1,63;900
B0-38-202A;1;0052;150;1,44;1000
B0-38-202X;2;0010;170;1,63;900
B0-38-202Y;3;0010;170;1,63;900
B0-38-202Z;4;0010;170;1,63;900
B0-38-210A;1;0052;150;1,44;1000
B0-38-210X;2;0010;170;1,63;900
B0-38-210Y;3;0010;170;1,63;900
B0-38-210Z;4;0010;170;1,63;900
B0-38-211A;1;0052;150;1,44;1000
B0-38-211X;2;0010;170;1,63;900
B0-38-211Y;3;0010;170;1,63;900
B0-38-211Z;4;0010;170;1,63;900
B0-38-212A;1;0052;150;1,44;1000
B0-38-212X;2;0010;170;1,63;900
B0-38-212Y;3;0010;170;1,63;900
B0-38-212Z;4;0010;170;1,63;900
B0-38-220A;1;0052;150;1,44;1000
B0-38-220X;2;0010;170;1,63;900
B0-38-220Y;3;0010;170;1,63;900
B0-38-220Z;4;0010;170;1,63;900
B0-38-221A;1;0052;150;1,44;1000
B0-38-221X;2;0010;170;1,63;900
B0-38-221Y;3;0010;170;1,63;900
B0-38-221Z;4;0010;170;1,63;900
B0-38-222A;1;0052;150;1,44;1000
B0-38-222X;2;0010;170;1,63;900
B0-38-222Y;3;0010;170;1,63;900
B0-38-222Z;4;0010;170;1,63;900
B0-38-230A;1;0052;150;1,44;1000
B0-38-230X;2;0010;170;1,63;900
B0-38-230Y;3;0010;170;1,63;900
B0-38-230Z;4;0010;170;1,63;900
B0-38-231A;1;0052;150;1,44;1000
B0-38-231X;2;0010;170;1,63;900
B0-38-231Y;3;0010;170;1,63;900
B0-38-231Z;4;0010;170;1,63;900
B0-38-232A;1;0052;150;1,44;1000
B0-38-232X;2;0010;170;1,63;900
B0-38-232Y;3;0010;170;1,63;900
B0-38-232Z;4;0010;170;1,63;900
B0-38-240A;1;0050;150;1,44;1000
B0-38-240X;2;0010;170;1,63;900
B0-38-240Y;3;0010;170;1,63;900
B0-38-240Z;4;0010;170;1,63;900
B0-38-241A;1;0052;150;1,44;1000
B0-38-241X;2;0010;170;1,63;900
B0-38-241Y;3;0010;170;1,63;900
B0-38-241Z;4;0010;170;1,63;900
B0-38-242A;1;0052;150;1,44;1000
B0-38-242X;2;0010;170;1,63;900
B0-38-242Y;3;0010;170;1,63;900
B0-38-242Z;4;0010;170;1,63;900
B0-38-250Y;3;0010;170;1,63;900
B0-38-250Z;4;0010;170;1,63;900
B0-38-251Y;3;0010;170;1,63;900
B0-38-251Z;4;0010;170;1,63;900
B0-38-252Y;3;0010;170;1,63;900
B0-38-252Z;4;0010;170;1,63;900
B0-38-260Y;3;0010;170;1,63;900
B0-38-260Z;4;0010;170;1,63;900
B0-38-261Y;3;0010;170;1,63;900
B0-38-261Z;4;0010;170;1,63;900
B0-38-262Y;3;0010;170;1,63;900
B0-38-262Z;4;0010;170;1,63;900
B0-38-270A;1;0052;150;1,44;1000
B0-38-270X;2;0010;170;1,63;900
B0-38-270Y;3;0010;170;1,63;900
B0-38-270Z;4;0010;170;1,63;900
B0-38-271A;1;0052;150;1,44;1000
B0-38-271X;2;0010;170;1,63;900
B0-38-271Y;3;0010;170;1,63;900
B0-38-271Z;4;0010;170;1,63;900
B0-38-272A;1;0052;150;1,44;1000
B0-38-272X;2;0010;170;1,63;900
B0-38-272Y;3;0010;170;1,63;900
B0-38-272Z;4;0010;170;1,63;900
B0-38-280A;1;0052;150;1,44;1000
B0-38-280X;2;0010;170;1,63;900
B0-38-280Y;3;0010;170;1,63;900
B0-38-280Z;4;0010;170;1,63;900
B0-38-281A;1;0052;150;1,44;1000
B0-38-281X;2;0010;170;1,63;900
B0-38-281Y;3;0010;170;1,63;900
B0-38-281Z;4;0010;170;1,63;900
B0-38-282A;1;0052;150;1,44;1000
B0-38-282X;2;0010;170;1,63;900
B0-38-282Y;3;0010;170;1,63;900
B0-38-282Z;4;0010;170;1,63;900
B0-38-290A;1;0052;150;1,44;1000
B0-38-290X;2;0010;170;1,63;900
B0-38-290Y;3;0010;170;1,63;900
B0-38-290Z;4;0010;170;1,63;900
B0-38-291A;1;0052;150;1,44;1000
B0-38-291X;2;0010;170;1,63;900
B0-38-291Y;3;0010;170;1,63;900
B0-38-291Z;4;0010;170;1,63;900
B0-38-292A;1;0052;150;1,44;1000
B0-38-292X;2;0010;170;1,63;900
B0-38-292Y;3;0010;170;1,63;900
B0-38-292Z;4;0010;170;1,63;900
B0-38-300A;1;0052;150;1,44;1000
B0-38-300X;2;0010;170;1,63;900
B0-38-300Y;3;0010;170;1,63;900
B0-38-300Z;4;0010;170;1,63;900
B0-38-301A;1;0052;150;1,44;1000
B0-38-301X;2;0010;170;1,63;900
B0-38-301Y;3;0010;170;1,63;900
B0-38-301Z;4;0010;170;1,63;900
B0-38-302A;1;0050;150;1,44;1000
B0-38-302X;2;0010;170;1,63;900
B0-38-302Y;3;0010;170;1,63;900
B0-38-302Z;4;0010;170;1,63;900
B0-38-310A;1;0052;150;1,44;1000
B0-38-310X;2;0010;170;1,63;900
B0-38-310Y;3;0010;170;1,63;900
B0-38-310Z;4;0010;170;1,63;900
B0-38-311A;1;0052;150;1,44;1000
B0-38-311X;2;0010;170;1,63;900
B0-38-311Y;3;0010;170;1,63;900
B0-38-311Z;4;0010;170;1,63;900
B0-38-312A;1;0052;150;1,44;1000
B0-38-312X;2;0010;170;1,63;900
B0-38-312Y;3;0010;170;1,63;900
B0-38-312Z;4;0010;170;1,63;900
B0-38-320A;1;0052;150;1,44;1000
B0-38-320X;2;0010;170;1,63;900
B0-38-320Y;3;0010;170;1,63;900
B0-38-320Z;4;0010;170;1,63;900
B0-38-321A;1;0052;150;1,44;1000
B0-38-321X;2;0010;170;1,63;900
B0-38-321Y;3;0010;170;1,63;900
B0-38-321Z;4;0010;170;1,63;900
B0-38-322A;1;0052;150;1,44;1000
B0-38-322X;2;0010;170;1,63;900
B0-38-322Y;3;0010;170;1,63;900
B0-38-322Z;4;0010;170;1,63;900
B0-38-330A;1;0052;150;1,44;1000
B0-38-330X;2;0010;170;1,63;900
B0-38-330Y;3;0010;170;1,63;900
B0-38-330Z;4;0010;170;1,63;900
B0-38-331A;1;0052;150;1,44;1000
B0-38-331X;2;0010;170;1,63;900
B0-38-331Y;3;0010;170;1,63;900
B0-38-331Z;4;0010;170;1,63;900
B0-38-332A;1;0052;150;1,44;1000
B0-38-332X;2;0010;170;1,63;900
B0-38-332Y;3;0010;170;1,63;900
B0-38-332Z;4;0010;170;1,63;900
B0-38-340A;1;0052;150;1,44;1000
B0-38-340X;2;0010;170;1,63;900
B0-38-340Y;3;0010;170;1,63;900
B0-38-340Z;4;0010;170;1,63;900
B0-38-341A;1;0052;150;1,44;1000
B0-38-341X;2;0010;170;1,63;900
B0-38-341Y;3;0010;170;1,63;900
B0-38-341Z;4;0010;170;1,63;900
B0-38-342A;1;0052;150;1,44;1000
B0-38-342X;2;0010;170;1,63;900
B0-38-342Y;3;0010;170;1,63;900
B0-38-342Z;4;0010;170;1,63;900
B0-38-350A;1;0052;150;1,44;1000
B0-38-350X;2;0010;170;1,63;900
B0-38-350Y;3;0010;170;1,63;900
B0-38-350Z;4;0010;170;1,63;900
B0-38-351A;1;0052;150;1,44;1000
B0-38-351X;2;0010;170;1,63;900
B0-38-351Y;3;0010;170;1,63;900
B0-38-351Z;4;0010;170;1,63;900
B0-38-352A;1;0052;150;1,44;1000
B0-38-352X;2;0010;170;1,63;900
B0-38-352Y;3;0010;170;1,63;900
B0-38-352Z;4;0010;170;1,63;900
B0-38-360A;1;0052;150;1,44;1000
B0-38-360X;2;0010;170;1,63;900
B0-38-360Y;3;0010;170;1,63;900
B0-38-360Z;4;0010;170;1,63;900
B0-38-361A;1;0050;150;1,44;1000
B0-38-361X;2;0010;170;1,63;900
B0-38-361Y;3;0010;170;1,63;900
B0-38-361Z;4;0010;170;1,63;900
B0-38-362A;1;0052;150;1,44;1000
B0-38-362X;2;0010;170;1,63;900
B0-38-362Y;3;0010;170;1,63;900
B0-38-362Z;4;0010;170;1,63;900
B0-38-370A;1;0052;150;1,44;1000
B0-38-370X;2;0010;170;1,63;900
B0-38-370Y;3;0010;170;1,63;900
B0-38-370Z;4;0010;170;1,63;900
B0-38-371A;1;0052;150;1,44;1000
B0-38-371X;2;0010;170;1,63;900
B0-38-371Y;3;0010;170;1,63;900
B0-38-371Z;4;0010;170;1,63;900
B0-38-372A;1;0052;150;1,44;1000
B0-38-372X;2;0010;170;1,63;900
B0-38-372Y;3;0010;170;1,63;900
B0-38-372Z;4;0010;170;1,63;900
B0-38-380A;1;0052;150;1,44;1000
B0-38-380X;2;0010;170;1,63;900
B0-38-380Y;3;0010;170;1,63;900
B0-38-380Z;4;0010;170;1,63;900
B0-38-381A;1;0052;150;1,44;1000
B0-38-381X;2;0010;170;1,63;900
B0-38-381Y;3;0010;170;1,63;900
B0-38-381Z;4;0010;170;1,63;900
B0-38-382A;1;0052;150;1,44;1000
B0-38-382X;2;0010;170;1,63;900
B0-38-382Y;3;0010;170;1,63;900
B0-38-382Z;4;0010;170;1,63;900
B0-38-390A;1;0052;150;1,44;1000
B0-38-390X;2;0010;170;1,63;900
B0-38-390Y;3;0010;170;1,63;900
B0-38-390Z;4;0010;170;1,63;900
B0-38-391A;1;0052;150;1,44;1000
B0-38-391X;2;0010;170;1,63;900
B0-38-391Y;3;0010;170;1,63;900
B0-38-391Z;4;0010;170;1,63;900
B0-38-392A;1;0052;150;1,44;1000
B0-38-392X;2;0010;170;1,63;900
B0-38-392Y;3;0010;170;1,63;900
B0-38-392Z;4;0010;170;1,63;900
B0-38-400A;1;0052;150;1,44;1000
B0-38-400X;2;0010;170;1,63;900
B0-38-400Y;3;0010;170;1,63;900
B0-38-400Z;4;0010;170;1,63;900
B0-38-401A;1;0052;150;1,44;1000
B0-38-401X;2;0010;170;1,63;900
B0-38-401Y;3;0010;170;1,63;900
B0-38-401Z;4;0010;170;1,63;900
B0-38-402A;1;0052;150;1,44;1000
B0-38-402X;2;0010;170;1,63;900
B0-38-402Y;3;0010;170;1,63;900
B0-38-402Z;4;0010;170;1,63;900
B0-38-410A;1;0052;150;1,44;1000
B0-38-410X;2;0010;170;1,63;900
B0-38-410Y;3;0010;170;1,63;900
B0-38-410Z;4;0010;170;1,63;900
B0-38-411A;1;0052;150;1,44;1000
B0-38-411X;2;0010;170;1,63;900
B0-38-411Y;3;0010;170;1,63;900
B0-38-411Z;4;0010;170;1,63;900
B0-38-412A;1;0052;150;1,44;1000
B0-38-412X;2;0010;170;1,63;900
B0-38-412Y;3;0010;170;1,63;900
B0-38-412Z;4;0010;170;1,63;900
B0-38-420A;1;0050;150;1,44;1000
B0-38-420X;2;0010;170;1,63;900
B0-38-420Y;3;0010;170;1,63;900
B0-38-420Z;4;0010;170;1,63;900
B0-38-421A;1;0052;150;1,44;1000
B0-38-421X;2;0010;170;1,63;900
B0-38-421Y;3;0010;170;1,63;900
B0-38-421Z;4;0010;170;1,63;900
B0-38-422A;1;0052;150;1,44;1000
B0-38-422X;2;0010;170;1,63;900
B0-38-422Y;3;0010;170;1,63;900
B0-38-422Z;4;0010;170;1,63;900
B0-38-430A;1;0052;150;1,44;1000
B0-38-430X;2;0010;170;1,63;900
B0-38-430Y;3;0010;170;1,63;900
B0-38-430Z;4;0010;170;1,63;900
B0-38-431A;1;0052;150;1,44;1000
B0-38-431X;2;0010;170;1,63;900
B0-38-431Y;3;0010;170;1,63;900
B0-38-431Z;4;0010;170;1,63;900
B0-38-432A;1;0052;150;1,44;1000
B0-38-432X;2;0010;170;1,63;900
B0-38-432Y;3;0010;170;1,63;900
B0-38-432Z;4;0010;170;1,63;900
B0-38-440A;1;0052;150;1,44;1000
B0-38-440X;2;0010;170;1,63;900
B0-38-440Y;3;0010;170;1,63;900
B0-38-440Z;4;0010;170;1,63;900
B0-38-441A;1;0052;150;1,44;1000
B0-38-441X;2;0010;170;1,63;900
B0-38-441Y;3;0010;170;1,63;900
B0-38-441Z;4;0010;170;1,63;900
B0-38-442A;1;0052;150;1,44;1000
B0-38-442X;2;0010;170;1,63;900
B0-38-442Y;3;0010;170;1,63;900
B0-38-442Z;4;0010;170;1,63;900
B0-38-450A;1;0052;150;1,44;1000
B0-38-450X;2;0010;170;1,63;900
B0-38-450Y;3;0010;170;1,63;900
B0-38-450Z;4;0010;170;1,63;900
B0-38-451A;1;0052;150;1,44;1000
B0-38-451X;2;0010;170;1,63;900
B0-38-451Y;3;0010;170;1,63;900
B0-38-451Z;4;0010;170;1,63;900
B0-38-452A;1;0052;150;1,44;1000
B0-38-452X;2;0010;170;1,63;900
B0-38-452Y;3;0010;170;1,63;900
B0-38-452Z;4;0010;170;1,63;900
B0-38-460A;1;0052;150;1,44;1000
B0-38-460X;2;0010;170;1,63;900
B0-38-460Y;3;0010;170;1,63;900
B0-38-460Z;4;0010;170;1,63;900
B0-38-461A;1;0052;150;1,44;1000
B0-38-461X;2;0010;170;1,63;900
B0-38-461Y;3;0010;170;1,63;900
B0-38-461Z;4;0010;170;1,63;900
B0-38-462A;1;0052;150;1,44;1000
B0-38-462X;2;0010;170;1,63;900
B0-38-462Y;3;0010;170;1,63;900
B0-38-462Z;4;0010;170;1,63;900
B0-38-470A;1;0052;150;1,44;1000
B0-38-470X;2;0010;170;1,63;900
B0-38-470Y;3;0010;170;1,63;900
B0-38-470Z;4;0010;170;1,63;900
B0-38-471A;1;0052;150;1,44;1000
B0-38-471X;2;0010;170;1,63;900
B0-38-471Y;3;0010;170;1,63;900
B0-38-471Z;4;0010;170;1,63;900
B0-38-472A;1;0050;150;1,44;1000
B0-38-472X;2;0010;170;1,63;900
B0-38-472Y;3;0010;170;1,63;900
B0-38-472Z;4;0010;170;1,63;900
B0-38-480A;1;0052;150;1,44;1000
B0-38-480X;2;0010;170;1,63;900
B0-38-480Y;3;0010;170;1,63;900
B0-38-480Z;4;0010;170;1,63;900
B0-38-481A;1;0052;150;1,44;1000
B0-38-481X;2;0010;170;1,63;900
B0-38-481Y;3;0010;170;1,63;900
B0-38-481Z;4;0010;170;1,63;900
B0-38-482A;1;0052;150;1,44;1000
B0-38-482X;2;0010;170;1,63;900
B0-38-482Y;3;0010;170;1,63;900
B0-38-482Z;4;0010;170;1,63;900
B0-38-490A;1;0052;150;1,44;1000
B0-38-490X;2;0010;170;1,63;900
B0-38-490Y;3;0010;170;1,63;900
B0-38-490Z;4;0010;170;1,63;900
B0-38-491A;1;0052;150;1,44;1000
B0-38-491X;2;0010;170;1,63;900
B0-38-491Y;3;0010;170;1,63;900
B0-38-491Z;4;0010;170;1,63;900
B0-38-492A;1;0052;150;1,44;1000
B0-38-492X;2;0010;170;1,63;900
B0-38-492Y;3;0010;170;1,63;900
B0-38-492Z;4;0010;170;1,63;900
B0-38-500A;1;0052;150;1,44;1000
B0-38-500X;2;0010;170;1,63;900
B0-38-500Y;3;0010;170;1,63;900
B0-38-500Z;4;0010;170;1,63;900
B0-38-501A;1;0052;150;1,44;1000
B0-38-501X;2;0010;170;1,63;900
B0-38-501Y;3;0010;170;1,63;900
B0-38-501Z;4;0010;170;1,63;900
B0-38-502A;1;0052;150;1,44;1000
B0-38-502X;2;0010;170;1,63;900
B0-38-502Y;3;0010;170;1,63;900
B0-38-502Z;4;0010;170;1,63;900
B0-38-510A;1;0052;150;1,44;1000
B0-38-510X;2;0010;170;1,63;900
B0-38-510Y;3;0010;170;1,63;900
B0-38-510Z;4;0010;170;1,63;900
B0-38-511A;1;0052;150;1,44;1000
B0-38-511X;2;0010;170;1,63;900
B0-38-511Y;3;0010;170;1,63;900
B0-38-511Z;4;0010;170;1,63;900
B0-38-512A;1;0052;150;1,44;1000
B0-38-512X;2;0010;170;1,63;900
B0-38-512Y;3;0010;170;1,63;900
B0-38-512Z;4;0010;170;1,63;900
B0-38-520A;1;0052;150;1,44;1000
B0-38-520X;2;0010;170;1,63;900
B0-38-520Y;3;0010;170;1,63;900
B0-38-520Z;4;0010;170;1,63;900
B0-38-521A;1;0052;150;1,44;1000
B0-38-521X;2;0010;170;1,63;900
B0-38-521Y;3;0010;170;1,63;900
B0-38-521Z;4;0010;170;1,63;900
B0-38-522A;1;0052;150;1,44;1000
B0-38-522X;2;0010;170;1,63;900
B0-38-522Y;3;0010;170;1,63;900
B0-38-522Z;4;0010;170;1,63;900
B0-38-741A;1;0052;150;1,44;1000
B0-39-100B;1;0011;120;1,15;300
B0-39-100C;1;0011;70;0,67;300
B0-39-100D;1;0011;70;0,67;300
B0-39-100X;2;0010;170;1,63;900
B0-39-100Y;3;0010;170;1,63;900
B0-39-100Z;4;0010;170;1,63;900
B0-39-101B;1;0011;120;1,15;300
B0-39-101C;1;0011;70;0,67;300
B0-39-101D;1;0011;70;0,67;300
B0-39-101X;2;0010;170;1,63;900
B0-39-101Y;3;0010;170;1,63;900
B0-39-101Z;4;0010;170;1,63;900
B0-39-102B;1;0011;120;1,15;300
B0-39-102C;1;0011;70;0,67;300
B0-39-102D;1;0011;70;0,67;300
B0-39-102X;2;0010;170;1,63;900
B0-39-102Y;3;0010;170;1,63;900
B0-39-102Z;4;0010;170;1,63;900
B0-39-110B;1;0011;120;1,15;300
B0-39-110C;1;0011;70;0,67;300
B0-39-110D;1;0011;70;0,67;300
B0-39-110X;2;0010;170;1,63;900
B0-39-110Y;3;0010;170;1,63;900
B0-39-110Z;4;0010;170;1,63;900
B0-39-111B;1;0011;120;1,15;300
B0-39-111C;1;0011;70;0,67;300
B0-39-111D;1;0011;70;0,67;300
B0-39-111X;2;0010;170;1,63;900
B0-39-111Y;3;0010;170;1,63;900
B0-39-111Z;4;0010;170;1,63;900
B0-39-112B;1;0011;120;1,15;300
B0-39-112C;1;0011;70;0,67;300
B0-39-112D;1;0011;70;0,67;300
B0-39-112X;2;0010;170;1,63;900
B0-39-112Y;3;0010;170;1,63;900
B0-39-112Z;4;0010;170;1,63;900
B0-39-120B;1;0011;120;1,15;300
B0-39-120C;1;0011;70;0,67;300
B0-39-120D;1;0011;70;0,67;300
B0-39-120X;2;0010;170;1,63;900
B0-39-120Y;3;0010;170;1,63;900
B0-39-120Z;4;0010;170;1,63;900
B0-39-121B;1;0011;120;1,15;300
B0-39-121C;1;0011;70;0,67;300
B0-39-121D;1;0011;70;0,67;300
B0-39-121X;2;0010;170;1,63;900
B0-39-121Y;3;0010;170;1,63;900
B0-39-121Z;4;0010;170;1,63;900
B0-39-122B;1;0011;120;1,15;300
B0-39-122C;1;0011;70;0,67;300
B0-39-122D;1;0011;70;0,67;300
B0-39-122X;2;0010;170;1,63;900
B0-39-122Y;3;0010;170;1,63;900
B0-39-122Z;4;0010;170;1,63;900
B0-39-130B;1;0011;120;1,15;300
B0-39-130C;1;0011;70;0,67;300
B0-39-130D;1;0011;70;0,67;300
B0-39-130X;2;0010;170;1,63;900
B0-39-130Y;3;0010;170;1,63;900
B0-39-130Z;4;0010;170;1,63;900
B0-39-131B;1;0011;120;1,15;300
B0-39-131C;1;0011;70;0,67;300
B0-39-131D;1;0011;70;0,67;300
B0-39-131X;2;0010;170;1,63;900
B0-39-131Y;3;0010;170;1,63;900
B0-39-131Z;4;0010;170;1,63;900
B0-39-132B;1;0011;120;1,15;300
B0-39-132C;1;0011;70;0,67;300
B0-39-132D;1;0011;70;0,67;300
B0-39-132X;2;0010;170;1,63;900
B0-39-132Y;3;0010;170;1,63;900
B0-39-132Z;4;0010;170;1,63;900
B0-39-140B;1;0011;120;1,15;300
B0-39-140C;1;0011;70;0,67;300
B0-39-140D;1;0011;70;0,67;300
B0-39-140X;2;0010;170;1,63;900
B0-39-140Y;3;0010;170;1,63;900
B0-39-140Z;4;0010;170;1,63;900
B0-39-141B;1;0011;120;1,15;300
B0-39-141C;1;0011;70;0,67;300
B0-39-141D;1;0011;70;0,67;300
B0-39-141X;2;0010;170;1,63;900
B0-39-141Y;3;0010;170;1,63;900
B0-39-141Z;4;0010;170;1,63;900
B0-39-142B;1;0011;120;1,15;300
B0-39-142C;1;0011;70;0,67;300
B0-39-142D;1;0011;70;0,67;300
B0-39-142X;2;0010;170;1,63;900
B0-39-142Y;3;0010;170;1,63;900
B0-39-142Z;4;0010;170;1,63;900
B0-39-150B;1;0011;120;1,15;300
B0-39-150C;1;0011;70;0,67;300
B0-39-150D;1;0011;70;0,67;300
B0-39-150X;2;0010;170;1,63;900
B0-39-150Y;3;0010;170;1,63;900
B0-39-150Z;4;0010;170;1,63;900
B0-39-151B;1;0011;120;1,15;300
B0-39-151C;1;0011;70;0,67;300
B0-39-151D;1;0011;70;0,67;300
B0-39-151X;2;0010;170;1,63;900
B0-39-151Y;3;0010;170;1,63;900
B0-39-151Z;4;0010;170;1,63;900
B0-39-152B;1;0011;120;1,15;300
B0-39-152C;1;0011;70;0,67;300
B0-39-152D;1;0011;70;0,67;300
B0-39-152X;2;0010;170;1,63;900
B0-39-152Y;3;0010;170;1,63;900
B0-39-152Z;4;0010;170;1,63;900
B0-39-160B;1;0011;120;1,15;300
B0-39-160C;1;0011;70;0,67;300
B0-39-160D;1;0011;70;0,67;300
B0-39-160X;2;0010;170;1,63;900
B0-39-160Y;3;0010;170;1,63;900
B0-39-160Z;4;0010;170;1,63;900
B0-39-161B;1;0011;120;1,15;300
B0-39-161C;1;0011;70;0,67;300
B0-39-161D;1;0011;70;0,67;300
B0-39-161X;2;0010;170;1,63;900
B0-39-161Y;3;0010;170;1,63;900
B0-39-161Z;4;0010;170;1,63;900
B0-39-162B;1;0011;120;1,15;300
B0-39-162C;1;0011;70;0,67;300
B0-39-162D;1;0011;70;0,67;300
B0-39-162X;2;0010;170;1,63;900
B0-39-162Y;3;0010;170;1,63;900
B0-39-162Z;4;0010;170;1,63;900
B0-39-170B;1;0011;120;1,15;300
B0-39-170C;1;0011;70;0,67;300
B0-39-170D;1;0011;70;0,67;300
B0-39-170X;2;0010;170;1,63;900
B0-39-170Y;3;0010;170;1,63;900
B0-39-170Z;4;0010;170;1,63;900
B0-39-171B;1;0011;120;1,15;300
B0-39-171C;1;0011;70;0,67;300
B0-39-171D;1;0011;70;0,67;300
B0-39-171X;2;0010;170;1,63;900
B0-39-171Y;3;0010;170;1,63;900
B0-39-171Z;4;0010;170;1,63;900
B0-39-172B;1;0011;120;1,15;300
B0-39-172C;1;0011;70;0,67;300
B0-39-172D;1;0011;70;0,67;300
B0-39-172X;2;0010;170;1,63;900
B0-39-172Y;3;0010;170;1,63;900
B0-39-172Z;4;0010;170;1,63;900
B0-39-180B;1;0011;120;1,15;300
B0-39-180C;1;0011;70;0,67;300
B0-39-180D;1;0011;70;0,67;300
B0-39-180X;2;0010;170;1,63;900
B0-39-180Y;3;0010;170;1,63;900
B0-39-180Z;4;0010;170;1,63;900
B0-39-181B;1;0011;120;1,15;300
B0-39-181C;1;0011;70;0,67;300
B0-39-181D;1;0011;70;0,67;300
B0-39-181X;2;0010;170;1,63;900
B0-39-181Y;3;0010;170;1,63;900
B0-39-181Z;4;0010;170;1,63;900
B0-39-182B;1;0011;120;1,15;300
B0-39-182C;1;0011;70;0,67;300
B0-39-182D;1;0011;70;0,67;300
B0-39-182X;2;0010;170;1,63;900
B0-39-182Y;3;0010;170;1,63;900
B0-39-182Z;4;0010;170;1,63;900
B0-39-190B;1;0011;120;1,15;300
B0-39-190C;1;0011;70;0,67;300
B0-39-190D;1;0011;70;0,67;300
B0-39-190X;2;0010;170;1,63;900
B0-39-190Y;3;0010;170;1,63;900
B0-39-190Z;4;0010;170;1,63;900
B0-39-191B;1;0011;120;1,15;300
B0-39-191C;1;0011;70;0,67;300
B0-39-191D;1;0011;70;0,67;300
B0-39-191X;2;0010;170;1,63;900
B0-39-191Y;3;0010;170;1,63;900
B0-39-191Z;4;0010;170;1,63;900
B0-39-192B;1;0011;120;1,15;300
B0-39-192C;1;0011;70;0,67;300
B0-39-192D;1;0011;70;0,67;300
B0-39-192X;2;0010;170;1,63;900
B0-39-192Y;3;0010;170;1,63;900
B0-39-192Z;4;0010;170;1,63;900
B0-39-200B;1;0011;120;1,15;300
B0-39-200C;1;0011;70;0,67;300
B0-39-200D;1;0011;70;0,67;300
B0-39-200X;2;0010;170;1,63;900
B0-39-200Y;3;0010;170;1,63;900
B0-39-200Z;4;0010;170;1,63;900
B0-39-201B;1;0011;120;1,15;300
B0-39-201C;1;0011;70;0,67;300
B0-39-201D;1;0011;70;0,67;300
B0-39-201X;2;0010;170;1,63;900
B0-39-201Y;3;0010;170;1,63;900
B0-39-201Z;4;0010;170;1,63;900
B0-39-202B;1;0011;120;1,15;300
B0-39-202C;1;0011;70;0,67;300
B0-39-202D;1;0011;70;0,67;300
B0-39-202X;2;0010;170;1,63;900
B0-39-202Y;3;0010;170;1,63;900
B0-39-202Z;4;0010;170;1,63;900
B0-39-210B;1;0011;120;1,15;300
B0-39-210C;1;0011;70;0,67;300
B0-39-210D;1;0011;70;0,67;300
B0-39-210X;2;0010;170;1,63;900
B0-39-210Y;3;0010;170;1,63;900
B0-39-210Z;4;0010;170;1,63;900
B0-39-211B;1;0011;120;1,15;300
B0-39-211C;1;0011;70;0,67;300
B0-39-211D;1;0011;70;0,67;300
B0-39-211X;2;0010;170;1,63;900
B0-39-211Y;3;0010;170;1,63;900
B0-39-211Z;4;0010;170;1,63;900
B0-39-212B;1;0011;120;1,15;300
B0-39-212C;1;0011;70;0,67;300
B0-39-212D;1;0011;70;0,67;300
B0-39-212X;2;0010;170;1,63;900
B0-39-212Y;3;0010;170;1,63;900
B0-39-212Z;4;0010;170;1,63;900
B0-39-220B;1;0011;120;1,15;300
B0-39-220C;1;0011;70;0,67;300
B0-39-220D;1;0011;70;0,67;300
B0-39-220X;2;0010;170;1,63;900
B0-39-220Y;3;0010;170;1,63;900
B0-39-220Z;4;0010;170;1,63;900
B0-39-221B;1;0011;120;1,15;300
B0-39-221C;1;0011;70;0,67;300
B0-39-221D;1;0011;70;0,67;300
B0-39-221X;2;0010;170;1,63;900
B0-39-221Y;3;0010;170;1,63;900
B0-39-221Z;4;0010;170;1,63;900
B0-39-222B;1;0011;120;1,15;300
B0-39-222C;1;0011;70;0,67;300
B0-39-222D;1;0011;70;0,67;300
B0-39-222X;2;0010;170;1,63;900
B0-39-222Y;3;0010;170;1,63;900
B0-39-222Z;4;0010;170;1,63;900
B0-39-230B;1;0011;120;1,15;300
B0-39-230C;1;0011;70;0,67;300
B0-39-230D;1;0011;70;0,67;300
B0-39-230X;2;0010;170;1,63;900
B0-39-230Y;3;0010;170;1,63;900
B0-39-230Z;4;0010;170;1,63;900
B0-39-231B;1;0011;120;1,15;300
B0-39-231C;1;0011;70;0,67;300
B0-39-231D;1;0011;70;0,67;300
B0-39-231X;2;0010;170;1,63;900
B0-39-231Y;3;0010;170;1,63;900
B0-39-231Z;4;0010;170;1,63;900
B0-39-232B;1;0011;120;1,15;300
B0-39-232C;1;0011;70;0,67;300
B0-39-232D;1;0011;70;0,67;300
B0-39-232X;2;0010;170;1,63;900
B0-39-232Y;3;0010;170;1,63;900
B0-39-232Z;4;0010;170;1,63;900
B0-39-240B;1;0011;120;1,15;300
B0-39-240C;1;0011;70;0,67;300
B0-39-240D;1;0011;70;0,67;300
B0-39-240X;2;0010;170;1,63;900
B0-39-240Y;3;0010;170;1,63;900
B0-39-240Z;4;0010;170;1,63;900
B0-39-241B;1;0011;120;1,15;300
B0-39-241C;1;0011;70;0,67;300
B0-39-241D;1;0011;70;0,67;300
B0-39-241X;2;0010;170;1,63;900
B0-39-241Y;3;0010;170;1,63;900
B0-39-241Z;4;0010;170;1,63;900
B0-39-242B;1;0011;120;1,15;300
B0-39-242C;1;0011;70;0,67;300
B0-39-242D;1;0011;70;0,67;300
B0-39-242X;2;0010;170;1,63;900
B0-39-242Y;3;0010;170;1,63;900
B0-39-242Z;4;0010;170;1,63;900
B0-39-250B;1;0011;120;1,15;300
B0-39-250C;1;0011;70;0,67;300
B0-39-250D;1;0011;70;0,67;300
B0-39-250X;2;0010;170;1,63;900
B0-39-250Y;3;0010;170;1,63;900
B0-39-250Z;4;0010;170;1,63;900
B0-39-251B;1;0011;120;1,15;300
B0-39-251C;1;0011;70;0,67;300
B0-39-251D;1;0011;70;0,67;300
B0-39-251X;2;0010;170;1,63;900
B0-39-251Y;3;0010;170;1,63;900
B0-39-251Z;4;0010;170;1,63;900
B0-39-252B;1;0011;120;1,15;300
B0-39-252C;1;0011;70;0,67;300
B0-39-252D;1;0011;70;0,67;300
B0-39-252X;2;0010;170;1,63;900
B0-39-252Y;3;0010;170;1,63;900
B0-39-252Z;4;0010;170;1,63;900
B0-39-260B;1;0011;120;1,15;300
B0-39-260C;1;0011;70;0,67;300
B0-39-260D;1;0011;70;0,67;300
B0-39-260X;2;0010;170;1,63;900
B0-39-260Y;3;0010;170;1,63;900
B0-39-260Z;4;0010;170;1,63;900
B0-39-261B;1;0011;120;1,15;300
B0-39-261C;1;0011;70;0,67;300
B0-39-261D;1;0011;70;0,67;300
B0-39-261X;2;0010;170;1,63;900
B0-39-261Y;3;0010;170;1,63;900
B0-39-261Z;4;0010;170;1,63;900
B0-39-262B;1;0011;120;1,15;300
B0-39-262C;1;0011;70;0,67;300
B0-39-262D;1;0011;70;0,67;300
B0-39-262X;2;0010;170;1,63;900
B0-39-262Y;3;0010;170;1,63;900
B0-39-262Z;4;0010;170;1,63;900
B0-39-270B;1;0011;120;1,15;300
B0-39-270C;1;0011;70;0,67;300
B0-39-270D;1;0011;70;0,67;300
B0-39-270X;2;0010;170;1,63;900
B0-39-270Y;3;0010;170;1,63;900
B0-39-270Z;4;0010;170;1,63;900
B0-39-271B;1;0011;120;1,15;300
B0-39-271C;1;0011;70;0,67;300
B0-39-271D;1;0011;70;0,67;300
B0-39-271X;2;0010;170;1,63;900
B0-39-271Y;3;0010;170;1,63;900
B0-39-271Z;4;0010;170;1,63;900
B0-39-272B;1;0011;120;1,15;300
B0-39-272C;1;0011;70;0,67;300
B0-39-272D;1;0011;70;0,67;300
B0-39-272X;2;0010;170;1,63;900
B0-39-272Y;3;0010;170;1,63;900
B0-39-272Z;4;0010;170;1,63;900
B0-39-280B;1;0011;120;1,15;300
B0-39-280C;1;0011;70;0,67;300
B0-39-280D;1;0011;70;0,67;300
B0-39-280X;2;0010;170;1,63;900
B0-39-280Y;3;0010;170;1,63;900
B0-39-280Z;4;0010;170;1,63;900
B0-39-281B;1;0011;120;1,15;300
B0-39-281C;1;0011;70;0,67;300
B0-39-281D;1;0011;70;0,67;300
B0-39-281X;2;0010;170;1,63;900
B0-39-281Y;3;0010;170;1,63;900
B0-39-281Z;4;0010;170;1,63;900
B0-39-282B;1;0011;120;1,15;300
B0-39-282C;1;0011;70;0,67;300
B0-39-282D;1;0011;70;0,67;300
B0-39-282X;2;0010;170;1,63;900
B0-39-282Y;3;0010;170;1,63;900
B0-39-282Z;4;0010;170;1,63;900
B0-39-290B;1;0011;120;1,15;300
B0-39-290C;1;0011;70;0,67;300
B0-39-290D;1;0011;70;0,67;300
B0-39-290X;2;0010;170;1,63;900
B0-39-290Y;3;0010;170;1,63;900
B0-39-290Z;4;0010;170;1,63;900
B0-39-291B;1;0011;120;1,15;300
B0-39-291C;1;0011;70;0,67;300
B0-39-291D;1;0011;70;0,67;300
B0-39-291X;2;0010;170;1,63;900
B0-39-291Y;3;0010;170;1,63;900
B0-39-291Z;4;0010;170;1,63;900
B0-39-292B;1;0011;120;1,15;300
B0-39-292C;1;0011;70;0,67;300
B0-39-292D;1;0011;70;0,67;300
B0-39-292X;2;0010;170;1,63;900
B0-39-292Y;3;0010;170;1,63;900
B0-39-292Z;4;0010;170;1,63;900
B0-39-300B;1;0011;120;1,15;300
B0-39-300C;1;0011;70;0,67;300
B0-39-300D;1;0011;70;0,67;300
B0-39-300X;2;0010;170;1,63;900
B0-39-300Y;3;0010;170;1,63;900
B0-39-300Z;4;0010;170;1,63;900
B0-39-301B;1;0011;120;1,15;300
B0-39-301C;1;0011;70;0,67;300
B0-39-301D;1;0011;70;0,67;300
B0-39-301X;2;0010;170;1,63;900
B0-39-301Y;3;0010;170;1,63;900
B0-39-301Z;4;0010;170;1,63;900
B0-39-302B;1;0011;120;1,15;300
B0-39-302C;1;0011;70;0,67;300
B0-39-302D;1;0011;70;0,67;300
B0-39-302X;2;0010;170;1,63;900
B0-39-302Y;3;0010;170;1,63;900
B0-39-302Z;4;0010;170;1,63;900
B0-39-310B;1;0011;120;1,15;300
B0-39-310C;1;0011;70;0,67;300
B0-39-310D;1;0011;70;0,67;300
B0-39-310X;2;0010;170;1,63;900
B0-39-310Y;3;0010;170;1,63;900
B0-39-310Z;4;0010;170;1,63;900
B0-39-311B;1;0011;120;1,15;300
B0-39-311C;1;0011;70;0,67;300
B0-39-311D;1;0011;70;0,67;300
B0-39-311X;2;0010;170;1,63;900
B0-39-311Y;3;0010;170;1,63;900
B0-39-311Z;4;0010;170;1,63;900
B0-39-312B;1;0011;120;1,15;300
B0-39-312C;1;0011;70;0,67;300
B0-39-312D;1;0011;70;0,67;300
B0-39-312X;2;0010;170;1,63;900
B0-39-312Y;3;0010;170;1,63;900
B0-39-312Z;4;0010;170;1,63;900
B0-39-320B;1;0011;120;1,15;300
B0-39-320C;1;0011;70;0,67;300
B0-39-320D;1;0011;70;0,67;300
B0-39-320X;2;0010;170;1,63;900
B0-39-320Y;3;0010;170;1,63;900
B0-39-320Z;4;0010;170;1,63;900
B0-39-321B;1;0011;120;1,15;300
B0-39-321C;1;0011;70;0,67;300
B0-39-321D;1;0011;70;0,67;300
B0-39-321X;2;0010;170;1,63;900
B0-39-321Y;3;0010;170;1,63;900
B0-39-321Z;4;0010;170;1,63;900
B0-39-322B;1;0011;120;1,15;300
B0-39-322C;1;0011;70;0,67;300
B0-39-322D;1;0011;70;0,67;300
B0-39-322X;2;0010;170;1,63;900
B0-39-322Y;3;0010;170;1,63;900
B0-39-322Z;4;0010;170;1,63;900
B0-39-330B;1;0011;120;1,15;300
B0-39-330C;1;0011;70;0,67;300
B0-39-330D;1;0011;70;0,67;300
B0-39-330X;2;0010;170;1,63;900
B0-39-330Y;3;0010;170;1,63;900
B0-39-330Z;4;0010;170;1,63;900
B0-39-331B;1;0011;120;1,15;300
B0-39-331C;1;0011;70;0,67;300
B0-39-331D;1;0011;70;0,67;300
B0-39-331X;2;0010;170;1,63;900
B0-39-331Y;3;0010;170;1,63;900
B0-39-331Z;4;0010;170;1,63;900
B0-39-332B;1;0011;120;1,15;300
B0-39-332C;1;0011;70;0,67;300
B0-39-332D;1;0011;70;0,67;300
B0-39-332X;2;0010;170;1,63;900
B0-39-332Y;3;0010;170;1,63;900
B0-39-332Z;4;0010;170;1,63;900
B0-39-340B;1;0011;120;1,15;300
B0-39-340C;1;0011;70;0,67;300
B0-39-340D;1;0011;70;0,67;300
B0-39-340X;2;0010;170;1,63;900
B0-39-340Y;3;0010;170;1,63;900
B0-39-340Z;4;0010;170;1,63;900
B0-39-341B;1;0011;120;1,15;300
B0-39-341C;1;0011;70;0,67;300
B0-39-341D;1;0011;70;0,67;300
B0-39-341X;2;0010;170;1,63;900
B0-39-341Y;3;0010;170;1,63;900
B0-39-341Z;4;0010;170;1,63;900
B0-39-342B;1;0011;120;1,15;300
B0-39-342C;1;0011;70;0,67;300
B0-39-342D;1;0011;70;0,67;300
B0-39-342X;2;0010;170;1,63;900
B0-39-342Y;3;0010;170;1,63;900
B0-39-342Z;4;0010;170;1,63;900
B0-39-350B;1;0011;120;1,15;300
B0-39-350C;1;0011;70;0,67;300
B0-39-350D;1;0011;70;0,67;300
B0-39-350X;2;0010;170;1,63;900
B0-39-350Y;3;0010;170;1,63;900
B0-39-350Z;4;0010;170;1,63;900
B0-39-351B;1;0011;120;1,15;300
B0-39-351C;1;0011;70;0,67;300
B0-39-351D;1;0011;70;0,67;300
B0-39-351X;2;0010;170;1,63;900
B0-39-351Y;3;0010;170;1,63;900
B0-39-351Z;4;0010;170;1,63;900
B0-39-352B;1;0011;120;1,15;300
B0-39-352C;1;0011;70;0,67;300
B0-39-352D;1;0011;70;0,67;300
B0-39-352X;2;0010;170;1,63;900
B0-39-352Y;3;0010;170;1,63;900
B0-39-352Z;4;0010;170;1,63;900
B0-39-360B;1;0011;120;1,15;300
B0-39-360C;1;0011;70;0,67;300
B0-39-360D;1;0011;70;0,67;300
B0-39-360X;2;0010;170;1,63;900
B0-39-360Y;3;0010;170;1,63;900
B0-39-360Z;4;0010;170;1,63;900
B0-39-361B;1;0011;120;1,15;300
B0-39-361C;1;0011;70;0,67;300
B0-39-361D;1;0011;70;0,67;300
B0-39-361X;2;0010;170;1,63;900
B0-39-361Y;3;0010;170;1,63;900
B0-39-361Z;4;0010;170;1,63;900
B0-39-362B;1;0011;120;1,15;300
B0-39-362C;1;0011;70;0,67;300
B0-39-362D;1;0011;70;0,67;300
B0-39-362X;2;0010;170;1,63;900
B0-39-362Y;3;0010;170;1,63;900
B0-39-362Z;4;0010;170;1,63;900
B0-39-370B;1;0011;120;1,15;300
B0-39-370C;1;0011;70;0,67;300
B0-39-370D;1;0011;70;0,67;300
B0-39-370X;2;0010;170;1,63;900
B0-39-370Y;3;0010;170;1,63;900
B0-39-370Z;4;0010;170;1,63;900
B0-39-371B;1;0011;120;1,15;300
B0-39-371C;1;0011;70;0,67;300
B0-39-371D;1;0011;70;0,67;300
B0-39-371X;2;0010;170;1,63;900
B0-39-371Y;3;0010;170;1,63;900
B0-39-371Z;4;0010;170;1,63;900
B0-39-372B;1;0011;120;1,15;300
B0-39-372C;1;0011;70;0,67;300
B0-39-372D;1;0011;70;0,67;300
B0-39-372X;2;0010;170;1,63;900
B0-39-372Y;3;0010;170;1,63;900
B0-39-372Z;4;0010;170;1,63;900
B0-39-380B;1;0011;120;1,15;300
B0-39-380C;1;0011;70;0,67;300
B0-39-380D;1;0011;70;0,67;300
B0-39-380X;2;0010;170;1,63;900
B0-39-380Y;3;0010;170;1,63;900
B0-39-380Z;4;0010;170;1,63;900
B0-39-381B;1;0011;120;1,15;300
B0-39-381C;1;0011;70;0,67;300
B0-39-381D;1;0011;70;0,67;300
B0-39-381X;2;0010;170;1,63;900
B0-39-381Y;3;0010;170;1,63;900
B0-39-381Z;4;0010;170;1,63;900
B0-39-382B;1;0011;120;1,15;300
B0-39-382C;1;0011;70;0,67;300
B0-39-382D;1;0011;70;0,67;300
B0-39-382X;2;0010;170;1,63;900
B0-39-382Y;3;0010;170;1,63;900
B0-39-382Z;4;0010;170;1,63;900
B0-39-390B;1;0011;120;1,15;300
B0-39-390C;1;0011;70;0,67;300
B0-39-390D;1;0011;70;0,67;300
B0-39-390X;2;0010;170;1,63;900
B0-39-390Y;3;0010;170;1,63;900
B0-39-390Z;4;0010;170;1,63;900
B0-39-391B;1;0011;120;1,15;300
B0-39-391C;1;0011;70;0,67;300
B0-39-391D;1;0011;70;0,67;300
B0-39-391X;2;0010;170;1,63;900
B0-39-391Y;3;0010;170;1,63;900
B0-39-391Z;4;0010;170;1,63;900
B0-39-392B;1;0011;120;1,15;300
B0-39-392C;1;0011;70;0,67;300
B0-39-392D;1;0011;70;0,67;300
B0-39-392X;2;0010;170;1,63;900
B0-39-392Y;3;0010;170;1,63;900
B0-39-392Z;4;0010;170;1,63;900
B0-39-400B;1;0011;120;1,15;300
B0-39-400C;1;0011;70;0,67;300
B0-39-400D;1;0011;70;0,67;300
B0-39-400X;2;0010;170;1,63;900
B0-39-400Y;3;0010;170;1,63;900
B0-39-400Z;4;0010;170;1,63;900
B0-39-401B;1;0011;120;1,15;300
B0-39-401C;1;0011;70;0,67;300
B0-39-401D;1;0011;70;0,67;300
B0-39-401X;2;0010;170;1,63;900
B0-39-401Y;3;0010;170;1,63;900
B0-39-401Z;4;0010;170;1,63;900
B0-39-402B;1;0011;120;1,15;300
B0-39-402C;1;0011;70;0,67;300
B0-39-402D;1;0011;70;0,67;300
B0-39-402X;2;0010;170;1,63;900
B0-39-402Y;3;0010;170;1,63;900
B0-39-402Z;4;0010;170;1,63;900
B0-55-100B;1;0011;120;1,15;300
B0-55-100C;1;0011;70;0,67;300
B0-55-100G;2;0010;80;0,77;450
B0-55-100H;2;0010;80;0,77;450
B0-55-100Y;3;0010;170;1,63;900
B0-55-100Z;4;0010;170;1,63;900
B0-55-101B;1;0011;120;1,15;300
B0-55-101C;1;0011;70;0,67;300
B0-55-101G;2;0010;80;0,77;450
B0-55-101H;2;0010;80;0,77;450
B0-55-101Y;3;0010;170;1,63;900
B0-55-101Z;4;0010;170;1,63;900
B0-55-102B;1;0011;120;1,15;300
B0-55-102C;1;0011;70;0,67;300
B0-55-102G;2;0010;80;0,77;450
B0-55-102H;2;0010;80;0,77;450
B0-55-102Y;3;0010;170;1,63;900
B0-55-102Z;4;0010;170;1,63;900
B0-55-110B;1;0011;120;1,15;300
B0-55-110C;1;0011;70;0,67;300
B0-55-110G;2;0010;80;0,77;450
B0-55-110H;2;0010;80;0,77;450
B0-55-110Y;3;0010;170;1,63;900
B0-55-110Z;4;0010;170;1,63;900
B0-55-111B;1;0011;120;1,15;300
B0-55-111C;1;0011;70;0,67;300
B0-55-111G;2;0010;80;0,77;450
B0-55-111H;2;0010;80;0,77;450
B0-55-111Y;3;0010;170;1,63;900
B0-55-111Z;4;0010;170;1,63;900
B0-55-112B;1;0011;120;1,15;300
B0-55-112C;1;0011;70;0,67;300
B0-55-112G;2;0010;80;0,77;450
B0-55-112H;2;0010;80;0,77;450
B0-55-112Y;3;0010;170;1,63;900
B0-55-112Z;4;0010;170;1,63;900
B0-55-120B;1;0011;120;1,15;300
B0-55-120C;1;0011;70;0,67;300
B0-55-120G;2;0010;80;0,77;450
B0-55-120H;2;0010;80;0,77;450
B0-55-120Y;3;0010;170;1,63;900
B0-55-120Z;4;0010;170;1,63;900
B0-55-121B;1;0011;120;1,15;300
B0-55-121C;1;0011;70;0,67;300
B0-55-121G;2;0010;80;0,77;450
B0-55-121H;2;0010;80;0,77;450
B0-55-121Y;3;0010;170;1,63;900
B0-55-121Z;4;0010;170;1,63;900
B0-55-122B;1;0011;120;1,15;300
B0-55-122C;1;0011;70;0,67;300
B0-55-122G;2;0010;80;0,77;450
B0-55-122H;2;0010;80;0,77;450
B0-55-122Y;3;0010;170;1,63;900
B0-55-122Z;4;0010;170;1,63;900
B0-55-130B;1;0011;120;1,15;300
B0-55-130C;1;0011;70;0,67;300
B0-55-130G;2;0010;80;0,77;450
B0-55-130H;2;0010;80;0,77;450
B0-55-130Y;3;0010;170;1,63;900
B0-55-130Z;4;0010;170;1,63;900
B0-55-131B;1;0011;120;1,15;300
B0-55-131C;1;0011;70;0,67;300
B0-55-131G;2;0010;80;0,77;450
B0-55-131H;2;0010;80;0,77;450
B0-55-131Y;3;0010;170;1,63;900
B0-55-131Z;4;0010;170;1,63;900
B0-55-132B;1;0011;120;1,15;300
B0-55-132C;1;0011;70;0,67;300
B0-55-132G;2;0010;80;0,77;450
B0-55-132H;2;0010;80;0,77;450
B0-55-132Y;3;0010;170;1,63;900
B0-55-132Z;4;0010;170;1,63;900
B0-55-140B;1;0011;120;1,15;300
B0-55-140C;1;0011;70;0,67;300
B0-55-140G;2;0010;80;0,77;450
B0-55-140H;2;0010;80;0,77;450
B0-55-140Y;3;0010;170;1,63;900
B0-55-140Z;4;0010;170;1,63;900
B0-55-141B;1;0011;120;1,15;300
B0-55-141C;1;0011;70;0,67;300
B0-55-141G;2;0010;80;0,77;450
B0-55-141H;2;0010;80;0,77;450
B0-55-141Y;3;0010;170;1,63;900
B0-55-141Z;4;0010;170;1,63;900
B0-55-142B;1;0011;120;1,15;300
B0-55-142C;1;0011;70;0,67;300
B0-55-142G;2;0010;80;0,77;450
B0-55-142H;2;0010;80;0,77;450
B0-55-142Y;3;0010;170;1,63;900
B0-55-142Z;4;0010;170;1,63;900
B0-55-150B;1;0011;120;1,15;300
B0-55-150C;1;0011;70;0,67;300
B0-55-150G;2;0010;80;0,77;450
B0-55-150H;2;0010;80;0,77;450
B0-55-150Y;3;0010;170;1,63;900
B0-55-150Z;4;0010;170;1,63;900
B0-55-151B;1;0011;120;1,15;300
B0-55-151C;1;0011;70;0,67;300
B0-55-151G;2;0010;80;0,77;450
B0-55-151H;2;0010;80;0,77;450
B0-55-151Y;3;0010;170;1,63;900
B0-55-151Z;4;0010;170;1,63;900
B0-55-152B;1;0011;120;1,15;300
B0-55-152C;1;0011;70;0,67;300
B0-55-152G;2;0010;80;0,77;450
B0-55-152H;2;0010;80;0,77;450
B0-55-152Y;3;0010;170;1,63;900
B0-55-152Z;4;0010;170;1,63;900
B0-55-160B;1;0011;120;1,15;300
B0-55-160C;1;0011;70;0,67;300
B0-55-160G;2;0010;80;0,77;450
B0-55-160H;2;0010;80;0,77;450
B0-55-160Y;3;0010;170;1,63;900
B0-55-160Z;4;0010;170;1,63;900
B0-55-161B;1;0011;120;1,15;300
B0-55-161C;1;0011;70;0,67;300
B0-55-161G;2;0010;80;0,77;450
B0-55-161H;2;0010;80;0,77;450
B0-55-161Y;3;0010;170;1,63;900
B0-55-161Z;4;0010;170;1,63;900
B0-55-162B;1;0011;120;1,15;300
B0-55-162C;1;0011;70;0,67;300
B0-55-162G;2;0010;80;0,77;450
B0-55-162H;2;0010;80;0,77;450
B0-55-162Y;3;0010;170;1,63;900
B0-55-162Z;4;0010;170;1,63;900
B0-55-170B;1;0011;120;1,15;300
B0-55-170C;1;0011;70;0,67;300
B0-55-170G;2;0010;80;0,77;450
B0-55-170H;2;0010;80;0,77;450
B0-55-170Y;3;0010;170;1,63;900
B0-55-170Z;4;0010;170;1,63;900
B0-55-171B;1;0011;120;1,15;300
B0-55-171C;1;0011;70;0,67;300
B0-55-171G;2;0010;80;0,77;450
B0-55-171H;2;0010;80;0,77;450
B0-55-171Y;3;0010;170;1,63;900
B0-55-171Z;4;0010;170;1,63;900
B0-55-172B;1;0011;120;1,15;300
B0-55-172C;1;0011;70;0,67;300
B0-55-172G;2;0010;80;0,77;450
B0-55-172H;2;0010;80;0,77;450
B0-55-172Y;3;0010;170;1,63;900
B0-55-172Z;4;0010;170;1,63;900
B0-55-180B;1;0011;120;1,15;300
B0-55-180C;1;0011;70;0,67;300
B0-55-180G;2;0010;80;0,77;450
B0-55-180H;2;0010;80;0,77;450
B0-55-180Y;3;0010;170;1,63;900
B0-55-180Z;4;0010;170;1,63;900
B0-55-181B;1;0011;120;1,15;300
B0-55-181C;1;0011;70;0,67;300
B0-55-181G;2;0010;80;0,77;450
B0-55-181H;2;0010;80;0,77;450
B0-55-181Y;3;0010;170;1,63;900
B0-55-181Z;4;0010;170;1,63;900
B0-55-182B;1;0011;120;1,15;300
B0-55-182C;1;0011;70;0,67;300
B0-55-182G;2;0010;80;0,77;450
B0-55-182H;2;0010;80;0,77;450
B0-55-182Y;3;0010;170;1,63;900
B0-55-182Z;4;0010;170;1,63;900
B0-55-190B;1;0011;120;1,15;300
B0-55-190C;1;0011;70;0,67;300
B0-55-190G;2;0010;80;0,77;450
B0-55-190H;2;0010;80;0,77;450
B0-55-190Y;3;0010;170;1,63;900
B0-55-190Z;4;0010;170;1,63;900
B0-55-191B;1;0011;120;1,15;300
B0-55-191C;1;0011;70;0,67;300
B0-55-191G;2;0010;80;0,77;450
B0-55-191H;2;0010;80;0,77;450
B0-55-191Y;3;0010;170;1,63;900
B0-55-191Z;4;0010;170;1,63;900
B0-55-192B;1;0011;120;1,15;300
B0-55-192C;1;0011;70;0,67;300
B0-55-192G;2;0010;80;0,77;450
B0-55-192H;2;0010;80;0,77;450
B0-55-192Y;3;0010;170;1,63;900
B0-55-192Z;4;0010;170;1,63;900
B0-55-200B;1;0011;120;1,15;300
B0-55-200C;1;0011;70;0,67;300
B0-55-200G;2;0010;80;0,77;450
B0-55-200H;2;0010;80;0,77;450
B0-55-200Y;3;0010;170;1,63;900
B0-55-200Z;4;0010;170;1,63;900
B0-55-201B;1;0011;120;1,15;300
B0-55-201C;1;0011;70;0,67;300
B0-55-201G;2;0010;80;0,77;450
B0-55-201H;2;0010;80;0,77;450
B0-55-201Y;3;0010;170;1,63;900
B0-55-201Z;4;0010;170;1,63;900
B0-55-202B;1;0011;120;1,15;300
B0-55-202C;1;0011;70;0,67;300
B0-55-202G;2;0010;80;0,77;450
B0-55-202H;2;0010;80;0,77;450
B0-55-202Y;3;0010;170;1,63;900
B0-55-202Z;4;0010;170;1,63;900
B0-55-210B;1;0011;120;1,15;300
B0-55-210C;1;0011;70;0,67;300
B0-55-210G;2;0010;80;0,77;450
B0-55-210H;2;0010;80;0,77;450
B0-55-210Y;3;0010;170;1,63;900
B0-55-210Z;4;0010;170;1,63;900
B0-55-211B;1;0011;120;1,15;300
B0-55-211C;1;0011;70;0,67;300
B0-55-211G;2;0010;80;0,77;450
B0-55-211H;2;0010;80;0,77;450
B0-55-211Y;3;0010;170;1,63;900
B0-55-211Z;4;0010;170;1,63;900
B0-55-212B;1;0011;120;1,15;300
B0-55-212C;1;0011;70;0,67;300
B0-55-212G;2;0010;80;0,77;450
B0-55-212H;2;0010;80;0,77;450
B0-55-212Y;3;0010;170;1,63;900
B0-55-212Z;4;0010;170;1,63;900
B0-55-220B;1;0011;120;1,15;300
B0-55-220C;1;0011;70;0,67;300
B0-55-220G;2;0010;80;0,77;450
B0-55-220H;2;0010;80;0,77;450
B0-55-220Y;3;0010;170;1,63;900
B0-55-220Z;4;0010;170;1,63;900
B0-55-221B;1;0011;120;1,15;300
B0-55-221C;1;0011;70;0,67;300
B0-55-221G;2;0010;80;0,77;450
B0-55-221H;2;0010;80;0,77;450
B0-55-221Y;3;0010;170;1,63;900
B0-55-221Z;4;0010;170;1,63;900
B0-55-222B;1;0011;120;1,15;300
B0-55-222C;1;0011;70;0,67;300
B0-55-222G;2;0010;80;0,77;450
B0-55-222H;2;0010;80;0,77;450
B0-55-222Y;3;0010;170;1,63;900
B0-55-222Z;4;0010;170;1,63;900
B0-55-230B;1;0011;120;1,15;300
B0-55-230C;1;0011;70;0,67;300
B0-55-230G;2;0010;80;0,77;450
B0-55-230H;2;0010;80;0,77;450
B0-55-230Y;3;0010;170;1,63;900
B0-55-230Z;4;0010;170;1,63;900
B0-55-231B;1;0011;120;1,15;300
B0-55-231C;1;0011;70;0,67;300
B0-55-231G;2;0010;80;0,77;450
B0-55-231H;2;0010;80;0,77;450
B0-55-231Y;3;0010;170;1,63;900
B0-55-231Z;4;0010;170;1,63;900
B0-55-232B;1;0011;120;1,15;300
B0-55-232C;1;0011;70;0,67;300
B0-55-232G;2;0010;80;0,77;450
B0-55-232H;2;0010;80;0,77;450
B0-55-232Y;3;0010;170;1,63;900
B0-55-232Z;4;0010;170;1,63;900
B0-55-240B;1;0011;120;1,15;300
B0-55-240C;1;0011;70;0,67;300
B0-55-240G;2;0010;80;0,77;450
B0-55-240H;2;0010;80;0,77;450
B0-55-240Y;3;0010;170;1,63;900
B0-55-240Z;4;0010;170;1,63;900
B0-55-241B;1;0011;120;1,15;300
B0-55-241C;1;0011;70;0,67;300
B0-55-241G;2;0010;80;0,77;450
B0-55-241H;2;0010;80;0,77;450
B0-55-241Y;3;0010;170;1,63;900
B0-55-241Z;4;0010;170;1,63;900
B0-55-242B;1;0011;120;1,15;300
B0-55-242C;1;0011;70;0,67;300
B0-55-242G;2;0010;80;0,77;450
B0-55-242H;2;0010;80;0,77;450
B0-55-242Y;3;0010;170;1,63;900
B0-55-242Z;4;0010;170;1,63;900
B0-55-250B;1;0011;120;1,15;300
B0-55-250C;1;0011;70;0,67;300
B0-55-250G;2;0010;80;0,77;450
B0-55-250H;2;0010;80;0,77;450
B0-55-250Y;3;0010;170;1,63;900
B0-55-250Z;4;0010;170;1,63;900
B0-55-251B;1;0011;120;1,15;300
B0-55-251C;1;0011;70;0,67;300
B0-55-251G;2;0010;80;0,77;450
B0-55-251H;2;0010;80;0,77;450
B0-55-251Y;3;0010;170;1,63;900
B0-55-251Z;4;0010;170;1,63;900
B0-55-252B;1;0011;120;1,15;300
B0-55-252C;1;0011;70;0,67;300
B0-55-252G;2;0010;80;0,77;450
B0-55-252H;2;0010;80;0,77;450
B0-55-252Y;3;0010;170;1,63;900
B0-55-252Z;4;0010;170;1,63;900
B0-55-260B;1;0011;120;1,15;300
B0-55-260C;1;0011;70;0,67;300
B0-55-260G;2;0010;80;0,77;450
B0-55-260H;2;0010;80;0,77;450
B0-55-260Y;3;0010;170;1,63;900
B0-55-260Z;4;0010;170;1,63;900
B0-55-261B;1;0011;120;1,15;300
B0-55-261C;1;0011;70;0,67;300
B0-55-261G;2;0010;80;0,77;450
B0-55-261H;2;0010;80;0,77;450
B0-55-261Y;3;0010;170;1,63;900
B0-55-261Z;4;0010;170;1,63;900
B0-55-262B;1;0011;120;1,15;300
B0-55-262C;1;0011;70;0,67;300
B0-55-262G;2;0010;80;0,77;450
B0-55-262H;2;0010;80;0,77;450
B0-55-262Y;3;0010;170;1,63;900
B0-55-262Z;4;0010;170;1,63;900
B0-55-270B;1;0011;120;1,15;300
B0-55-270C;1;0011;70;0,67;300
B0-55-270G;2;0010;80;0,77;450
B0-55-270H;2;0010;80;0,77;450
B0-55-270Y;3;0010;170;1,63;900
B0-55-270Z;4;0010;170;1,63;900
B0-55-271B;1;0011;120;1,15;300
B0-55-271C;1;0011;70;0,67;300
B0-55-271G;2;0010;80;0,77;450
B0-55-271H;2;0010;80;0,77;450
B0-55-271Y;3;0010;170;1,63;900
B0-55-271Z;4;0010;170;1,63;900
B0-55-272B;1;0011;120;1,15;300
B0-55-272C;1;0011;70;0,67;300
B0-55-272G;2;0010;80;0,77;450
B0-55-272H;2;0010;80;0,77;450
B0-55-272Y;3;0010;170;1,63;900
B0-55-272Z;4;0010;170;1,63;900
B0-55-280B;1;0011;120;1,15;300
B0-55-280C;1;0011;70;0,67;300
B0-55-280G;2;0010;80;0,77;450
B0-55-280H;2;0010;80;0,77;450
B0-55-280Y;3;0010;170;1,63;900
B0-55-280Z;4;0010;170;1,63;900
B0-55-281B;1;0011;120;1,15;300
B0-55-281C;1;0011;70;0,67;300
B0-55-281G;2;0010;80;0,77;450
B0-55-281H;2;0010;80;0,77;450
B0-55-281Y;3;0010;170;1,63;900
B0-55-281Z;4;0010;170;1,63;900
B0-55-282B;1;0011;120;1,15;300
B0-55-282C;1;0011;70;0,67;300
B0-55-282G;2;0010;80;0,77;450
B0-55-282H;2;0010;80;0,77;450
B0-55-282Y;3;0010;170;1,63;900
B0-55-282Z;4;0010;170;1,63;900
B0-55-290B;1;0011;120;1,15;300
B0-55-290C;1;0011;70;0,67;300
B0-55-290G;2;0010;80;0,77;450
B0-55-290H;2;0010;80;0,77;450
B0-55-290Y;3;0010;170;1,63;900
B0-55-290Z;4;0010;170;1,63;900
B0-55-291B;1;0011;120;1,15;300
B0-55-291C;1;0011;70;0,67;300
B0-55-291G;2;0010;80;0,77;450
B0-55-291H;2;0010;80;0,77;450
B0-55-291Y;3;0010;170;1,63;900
B0-55-291Z;4;0010;170;1,63;900
B0-55-292B;1;0011;120;1,15;300
B0-55-292C;1;0011;70;0,67;300
B0-55-292G;2;0010;80;0,77;450
B0-55-292H;2;0010;80;0,77;450
B0-55-292Y;3;0010;170;1,63;900
B0-55-292Z;4;0010;170;1,63;900
B0-55-300A;1;0052;150;1,44;1000
B0-55-300B;1;0011;120;1,15;300
B0-55-300C;1;0011;70;0,67;300
B0-55-300G;2;0010;80;0,77;450
B0-55-300H;2;0010;80;0,77;450
B0-55-300Y;3;0010;170;1,63;900
B0-55-300Z;4;0010;170;1,63;900
B0-55-301B;1;0011;120;1,15;300
B0-55-301C;1;0011;70;0,67;300
B0-55-301G;2;0010;80;0,77;450
B0-55-301H;2;0010;80;0,77;450
B0-55-301Y;3;0010;170;1,63;900
B0-55-301Z;4;0010;170;1,63;900
B0-55-302B;1;0011;120;1,15;300
B0-55-302C;1;0011;70;0,67;300
B0-55-302G;2;0010;80;0,77;450
B0-55-302H;2;0010;80;0,77;450
B0-55-302Y;3;0010;170;1,63;900
B0-55-302Z;4;0010;170;1,63;900
B0-55-310B;1;0011;120;1,15;300
B0-55-310C;1;0011;70;0,67;300
B0-55-310G;2;0010;80;0,77;450
B0-55-310H;2;0010;80;0,77;450
B0-55-310Y;3;0010;170;1,63;900
B0-55-310Z;4;0010;170;1,63;900
B0-55-311B;1;0011;120;1,15;300
B0-55-311C;1;0011;70;0,67;300
B0-55-311G;2;0010;80;0,77;450
B0-55-311H;2;0010;80;0,77;450
B0-55-311Y;3;0010;170;1,63;900
B0-55-311Z;4;0010;170;1,63;900
B0-55-312B;1;0011;120;1,15;300
B0-55-312C;1;0011;70;0,67;300
B0-55-312G;2;0010;80;0,77;450
B0-55-312H;2;0010;80;0,77;450
B0-55-312Y;3;0010;170;1,63;900
B0-55-312Z;4;0010;170;1,63;900
B0-55-320B;1;0011;120;1,15;300
B0-55-320C;1;0011;70;0,67;300
B0-55-320G;2;0010;80;0,77;450
B0-55-320H;2;0010;80;0,77;450
B0-55-320Y;3;0010;170;1,63;900
B0-55-320Z;4;0010;170;1,63;900
B0-55-321B;1;0011;120;1,15;300
B0-55-321C;1;0011;70;0,67;300
B0-55-321G;2;0010;80;0,77;450
B0-55-321H;2;0010;80;0,77;450
B0-55-321Y;3;0010;170;1,63;900
B0-55-321Z;4;0010;170;1,63;900
B0-55-322B;1;0011;120;1,15;300
B0-55-322C;1;0011;70;0,67;300
B0-55-322G;2;0010;80;0,77;450
B0-55-322H;2;0010;80;0,77;450
B0-55-322Y;3;0010;170;1,63;900
B0-55-322Z;4;0010;170;1,63;900
B0-55-330B;1;0011;120;1,15;300
B0-55-330C;1;0011;70;0,67;300
B0-55-330G;2;0010;80;0,77;450
B0-55-330H;2;0010;80;0,77;450
B0-55-330Y;3;0010;170;1,63;900
B0-55-330Z;4;0010;170;1,63;900
B0-55-331B;1;0011;120;1,15;300
B0-55-331C;1;0011;70;0,67;300
B0-55-331G;2;0010;80;0,77;450
B0-55-331H;2;0010;80;0,77;450
B0-55-331Y;3;0010;170;1,63;900
B0-55-331Z;4;0010;170;1,63;900
B0-55-332B;1;0011;120;1,15;300
B0-55-332C;1;0011;70;0,67;300
B0-55-332G;2;0010;80;0,77;450
B0-55-332H;2;0010;80;0,77;450
B0-55-332Y;3;0010;170;1,63;900
B0-55-332Z;4;0010;170;1,63;900
B0-55-340B;1;0011;120;1,15;300
B0-55-340C;1;0011;70;0,67;300
B0-55-340G;2;0010;80;0,77;450
B0-55-340H;2;0010;80;0,77;450
B0-55-340Y;3;0010;170;1,63;900
B0-55-340Z;4;0010;170;1,63;900
B0-55-341B;1;0011;120;1,15;300
B0-55-341C;1;0011;70;0,67;300
B0-55-341G;2;0010;80;0,77;450
B0-55-341H;2;0010;80;0,77;450
B0-55-341Y;3;0010;170;1,63;900
B0-55-341Z;4;0010;170;1,63;900
B0-55-342B;1;0011;120;1,15;300
B0-55-342C;1;0011;70;0,67;300
B0-55-342G;2;0010;80;0,77;450
B0-55-342H;2;0010;80;0,77;450
B0-55-342Y;3;0010;170;1,63;900
B0-55-342Z;4;0010;170;1,63;900
B0-55-700B;1;0011;120;1,15;300
B0-55-700C;1;0011;70;0,67;300
B0-55-700G;2;0010;80;0,77;450
B0-55-700H;2;0010;80;0,77;450
B0-55-700Y;3;0010;170;1,63;900
B0-55-700Z;4;0010;170;1,63;900
B0-76-100A;1;0052;150;1,44;1000
B0-76-100X;2;0010;170;1,63;900
B0-76-100Y;3;0010;170;1,63;900
B0-76-100Z;4;0010;170;1,63;900
B0-76-101A;1;0052;150;1,44;1000
B0-76-101X;2;0010;170;1,63;900
B0-76-101Y;3;0010;170;1,63;900
B0-76-101Z;4;0010;170;1,63;900
B0-76-102A;1;0050;150;1,44;1000
B0-76-102X;2;0010;170;1,63;900
B0-76-102Y;3;0010;170;1,63;900
B0-76-102Z;4;0010;170;1,63;900
B0-76-110A;1;0052;150;1,44;1000
B0-76-110X;2;0010;170;1,63;900
B0-76-110Y;3;0010;170;1,63;900
B0-76-110Z;4;0010;170;1,63;900
B0-76-111A;1;0052;150;1,44;1000
B0-76-111X;2;0010;170;1,63;900
B0-76-111Y;3;0010;170;1,63;900
B0-76-111Z;4;0010;170;1,63;900
B0-76-112A;1;0052;150;1,44;1000
B0-76-112X;2;0010;170;1,63;900
B0-76-112Y;3;0010;170;1,63;900
B0-76-112Z;4;0010;170;1,63;900
B0-76-120A;1;0052;150;1,44;1000
B0-76-120X;2;0010;170;1,63;900
B0-76-120Y;3;0010;170;1,63;900
B0-76-120Z;4;0010;170;1,63;900
B0-76-121A;1;0052;150;1,44;1000
B0-76-121X;2;0010;170;1,63;900
B0-76-121Y;3;0010;170;1,63;900
B0-76-121Z;4;0010;170;1,63;900
B0-76-122A;1;0052;150;1,44;1000
B0-76-122X;2;0010;170;1,63;900
B0-76-122Y;3;0010;170;1,63;900
B0-76-122Z;4;0010;170;1,63;900
B0-76-130A;1;0052;150;1,44;1000
B0-76-130X;2;0010;170;1,63;900
B0-76-130Y;3;0010;170;1,63;900
B0-76-130Z;4;0010;170;1,63;900
B0-76-131A;1;0052;150;1,44;1000
B0-76-131X;2;0010;170;1,63;900
B0-76-131Y;3;0010;170;1,63;900
B0-76-131Z;4;0010;170;1,63;900
B0-76-132A;1;0052;150;1,44;1000
B0-76-132X;2;0010;170;1,63;900
B0-76-132Y;3;0010;170;1,63;900
B0-76-132Z;4;0010;170;1,63;900
B0-76-140A;1;0052;150;1,44;1000
B0-76-140X;2;0010;170;1,63;900
B0-76-140Y;3;0010;170;1,63;900
B0-76-140Z;4;0010;170;1,63;900
B0-76-141A;1;0052;150;1,44;1000
B0-76-141X;2;0010;170;1,63;900
B0-76-141Y;3;0010;170;1,63;900
B0-76-141Z;4;0010;170;1,63;900
B0-76-142A;1;0052;150;1,44;1000
B0-76-142X;2;0010;170;1,63;900
B0-76-142Y;3;0010;170;1,63;900
B0-76-142Z;4;0010;170;1,63;900
B0-76-150A;1;0052;150;1,44;1000
B0-76-150X;2;0010;170;1,63;900
B0-76-150Y;3;0010;170;1,63;900
B0-76-150Z;4;0010;170;1,63;900
B0-76-151A;1;0052;150;1,44;1000
B0-76-151X;2;0010;170;1,63;900
B0-76-151Y;3;0010;170;1,63;900
B0-76-151Z;4;0010;170;1,63;900
B0-76-152A;1;0052;150;1,44;1000
B0-76-152X;2;0010;170;1,63;900
B0-76-152Y;3;0010;170;1,63;900
B0-76-152Z;4;0010;170;1,63;900
B0-76-160A;1;0052;150;1,44;1000
B0-76-160X;2;0010;170;1,63;900
B0-76-160Y;3;0010;170;1,63;900
B0-76-160Z;4;0010;170;1,63;900
B0-76-161A;1;0050;150;1,44;1000
B0-76-161X;2;0010;170;1,63;900
B0-76-161Y;3;0010;170;1,63;900
B0-76-161Z;4;0010;170;1,63;900
B0-76-162A;1;0052;150;1,44;1000
B0-76-162X;2;0010;170;1,63;900
B0-76-162Y;3;0010;170;1,63;900
B0-76-162Z;4;0010;170;1,63;900
B0-76-170A;1;0052;150;1,44;1000
B0-76-170X;2;0010;170;1,63;900
B0-76-170Y;3;0010;170;1,63;900
B0-76-170Z;4;0010;170;1,63;900
B0-76-171A;1;0052;150;1,44;1000
B0-76-171X;2;0010;170;1,63;900
B0-76-171Y;3;0010;170;1,63;900
B0-76-171Z;4;0010;170;1,63;900
B0-76-172A;1;0052;150;1,44;1000
B0-76-172X;2;0010;170;1,63;900
B0-76-172Y;3;0010;170;1,63;900
B0-76-172Z;4;0010;170;1,63;900
B0-76-180A;1;0052;150;1,44;1000
B0-76-180X;2;0010;170;1,63;900
B0-76-180Y;3;0010;170;1,63;900
B0-76-180Z;4;0010;170;1,63;900
B0-76-181A;1;0052;150;1,44;1000
B0-76-181X;2;0010;170;1,63;900
B0-76-181Y;3;0010;170;1,63;900
B0-76-181Z;4;0010;170;1,63;900
B0-76-182A;1;0052;150;1,44;1000
B0-76-182X;2;0010;170;1,63;900
B0-76-182Y;3;0010;170;1,63;900
B0-76-182Z;4;0010;170;1,63;900
B0-76-190A;1;0052;150;1,44;1000
B0-76-190X;2;0010;170;1,63;900
B0-76-190Y;3;0010;170;1,63;900
B0-76-190Z;4;0010;170;1,63;900
B0-76-191A;1;0052;150;1,44;1000
B0-76-191X;2;0010;170;1,63;900
B0-76-191Y;3;0010;170;1,63;900
B0-76-191Z;4;0010;170;1,63;900
B0-76-192A;1;0052;150;1,44;1000
B0-76-192X;2;0010;170;1,63;900
B0-76-192Y;3;0010;170;1,63;900
B0-76-192Z;4;0010;170;1,63;900
B0-76-200A;1;0052;150;1,44;1000
B0-76-200X;2;0010;170;1,63;900
B0-76-200Y;3;0010;170;1,63;900
B0-76-200Z;4;0010;170;1,63;900
B0-76-201A;1;0052;150;1,44;1000
B0-76-201X;2;0010;170;1,63;900
B0-76-201Y;3;0010;170;1,63;900
B0-76-201Z;4;0010;170;1,63;900
B0-76-202A;1;0052;150;1,44;1000
B0-76-202X;2;0010;170;1,63;900
B0-76-202Y;3;0010;170;1,63;900
B0-76-202Z;4;0010;170;1,63;900
B0-76-210A;1;0052;150;1,44;1000
B0-76-210X;2;0010;170;1,63;900
B0-76-210Y;3;0010;170;1,63;900
B0-76-210Z;4;0010;170;1,63;900
B0-76-211A;1;0052;150;1,44;1000
B0-76-211X;2;0010;170;1,63;900
B0-76-211Y;3;0010;170;1,63;900
B0-76-211Z;4;0010;170;1,63;900
B0-76-212A;1;0052;150;1,44;1000
B0-76-212X;2;0010;170;1,63;900
B0-76-212Y;3;0010;170;1,63;900
B0-76-212Z;4;0010;170;1,63;900
B0-76-220A;1;0050;150;1,44;1000
B0-76-220X;2;0010;170;1,63;900
B0-76-220Y;3;0010;170;1,63;900
B0-76-220Z;4;0010;170;1,63;900
B0-76-221A;1;0052;150;1,44;1000
B0-76-221X;2;0010;170;1,63;900
B0-76-221Y;3;0010;170;1,63;900
B0-76-221Z;4;0010;170;1,63;900
B0-76-222A;1;0052;150;1,44;1000
B0-76-222X;2;0010;170;1,63;900
B0-76-222Y;3;0010;170;1,63;900
B0-76-222Z;4;0010;170;1,63;900
B0-76-230A;1;0052;150;1,44;1000
B0-76-230X;2;0010;170;1,63;900
B0-76-230Y;3;0010;170;1,63;900
B0-76-230Z;4;0010;170;1,63;900
B0-76-231A;1;0052;150;1,44;1000
B0-76-231X;2;0010;170;1,63;900
B0-76-231Y;3;0010;170;1,63;900
B0-76-231Z;4;0010;170;1,63;900
B0-76-232A;1;0052;150;1,44;1000
B0-76-232X;2;0010;170;1,63;900
B0-76-232Y;3;0010;170;1,63;900
B0-76-232Z;4;0010;170;1,63;900
B0-76-240A;1;0052;150;1,44;1000
B0-76-240X;2;0010;170;1,63;900
B0-76-240Y;3;0010;170;1,63;900
B0-76-240Z;4;0010;170;1,63;900
B0-76-241A;1;0052;150;1,44;1000
B0-76-241X;2;0010;170;1,63;900
B0-76-241Y;3;0010;170;1,63;900
B0-76-241Z;4;0010;170;1,63;900
B0-76-242A;1;0052;150;1,44;1000
B0-76-242X;2;0010;170;1,63;900
B0-76-242Y;3;0010;170;1,63;900
B0-76-242Z;4;0010;170;1,63;900
B0-76-250A;1;0052;150;1,44;1000
B0-76-250X;2;0010;170;1,63;900
B0-76-250Y;3;0010;170;1,63;900
B0-76-250Z;4;0010;170;1,63;900
B0-76-251A;1;0052;150;1,44;1000
B0-76-251X;2;0010;170;1,63;900
B0-76-251Y;3;0010;170;1,63;900
B0-76-251Z;4;0010;170;1,63;900
B0-76-252A;1;0052;150;1,44;1000
B0-76-252X;2;0010;170;1,63;900
B0-76-252Y;3;0010;170;1,63;900
B0-76-252Z;4;0010;170;1,63;900
B0-76-260A;1;0052;150;1,44;1000
B0-76-260X;2;0010;170;1,63;900
B0-76-260Y;3;0010;170;1,63;900
B0-76-260Z;4;0010;170;1,63;900
B0-76-261A;1;0052;150;1,44;1000
B0-76-261X;2;0010;170;1,63;900
B0-76-261Y;3;0010;170;1,63;900
B0-76-261Z;4;0010;170;1,63;900
B0-76-262A;1;0052;150;1,44;1000
B0-76-262X;2;0010;170;1,63;900
B0-76-262Y;3;0010;170;1,63;900
B0-76-262Z;4;0010;170;1,63;900
B0-76-270A;1;0052;150;1,44;1000
B0-76-270X;2;0010;170;1,63;900
B0-76-270Y;3;0010;170;1,63;900
B0-76-270Z;4;0010;170;1,63;900
B0-76-271A;1;0052;150;1,44;1000
B0-76-271X;2;0010;170;1,63;900
B0-76-271Y;3;0010;170;1,63;900
B0-76-271Z;4;0010;170;1,63;900
B0-76-272A;1;0050;150;1,44;1000
B0-76-272X;2;0010;170;1,63;900
B0-76-272Y;3;0010;170;1,63;900
B0-76-272Z;4;0010;170;1,63;900
B0-76-280A;1;0052;150;1,44;1000
B0-76-280X;2;0010;170;1,63;900
B0-76-280Y;3;0010;170;1,63;900
B0-76-280Z;4;0010;170;1,63;900
B0-76-281A;1;0052;150;1,44;1000
B0-76-281X;2;0010;170;1,63;900
B0-76-281Y;3;0010;170;1,63;900
B0-76-281Z;4;0010;170;1,63;900
B0-76-282A;1;0052;150;1,44;1000
B0-76-282X;2;0010;170;1,63;900
B0-76-282Y;3;0010;170;1,63;900
B0-76-282Z;4;0010;170;1,63;900
B0-76-290A;1;0052;150;1,44;1000
B0-76-290X;2;0010;170;1,63;900
B0-76-290Y;3;0010;170;1,63;900
B0-76-290Z;4;0010;170;1,63;900
B0-76-291A;1;0052;150;1,44;1000
B0-76-291X;2;0010;170;1,63;900
B0-76-291Y;3;0010;170;1,63;900
B0-76-291Z;4;0010;170;1,63;900
B0-76-292A;1;0052;150;1,44;1000
B0-76-292X;2;0010;170;1,63;900
B0-76-292Y;3;0010;170;1,63;900
B0-76-292Z;4;0010;170;1,63;900
B0-76-300A;1;0052;150;1,44;1000
B0-76-300X;2;0010;170;1,63;900
B0-76-300Y;3;0010;170;1,63;900
B0-76-300Z;4;0010;170;1,63;900
B0-76-301A;1;0052;150;1,44;1000
B0-76-301X;2;0010;170;1,63;900
B0-76-301Y;3;0010;170;1,63;900
B0-76-301Z;4;0010;170;1,63;900
B0-76-302A;1;0052;150;1,44;1000
B0-76-302X;2;0010;170;1,63;900
B0-76-302Y;3;0010;170;1,63;900
B0-76-302Z;4;0010;170;1,63;900
B0-76-700S;1;0012;40;0,35;100
B0-76-700T;2;0012;40;0,35;100
B0-76-700U;3;0012;40;0,35;100
B0-76-700V;4;0012;40;0,35;100
B0-76-700W;5;0012;40;0,35;100
B0-76-701S;1;0012;40;0,35;100
B0-76-701T;2;0012;40;0,35;100
B0-76-701U;3;0012;40;0,35;100
B0-76-701V;4;0012;40;0,35;100
B0-76-701W;5;0012;40;0,35;100
B0-76-702S;1;0012;40;0,35;100
B0-76-702T;2;0012;40;0,35;100
B0-76-702U;3;0012;40;0,35;100
B0-76-702V;4;0012;40;0,35;100
B0-76-702W;5;0012;40;0,35;100
